price_in_eur,price_per_sq_meter,size_sq_meter,number_of_rooms,location,area
435000,3452,126,4,ZORANA ĐINĐIĆA,Blok 25 - Arena
58000,1415,41,1,BULEVAR REVOLUCIJE,Kaluđerica
469000,2759,170,4,ŽARKA VUKOVIĆA PUCARA,Golf Naselje
162000,1459,111,3,DRAGAČEVSKA,Šumice
155000,1722,90,3,RADE KONČARA-ZEMUN,Meandri
310000,3605,86,3,KNEGINJE ZORKE,Hram Svetog Save
195000,2532,77,3,MEŠTROVIĆEVA,Braće Jerković
122400,1700,72,2,DIMITRIJA LAZAROVA RAŠE,Batajnica
124900,1892,66,2,NOVOGRADSKA,Sava Kovačević
150000,2679,56,2,BULEVAR KRALJA ALEKSANDRA,Vračar
117000,2167,54,2,MATICE SRPSKE,Mirijevo
140000,3415,41,2,ULCINJSKA,Lion
133000,3325,40,1,RUZVELTOVA,Bulbulder
95000,3167,30,1,VELE NIGRINOVE,Crveni Krst Vračar
138600,2310,60,2,PRVOMAJSKA,Zemun
62500,1689,37,1,BORSKA,Kanarevo Brdo
93000,2325,40,1,SEVINA,Zemun
285000,3276,87,4,CRVENI KRST VRAČAR,Vračar
118000,3576,33,1,ĐURIĆEVA,Zvezdara
132000,3300,40,1,VUKOV SPOMENIK,Zvezdara opština
435000,3452,126,4,ZORANA ĐINĐIĆA,Blok 25 - Arena
58000,1415,41,1,BULEVAR REVOLUCIJE,Kaluđerica
469000,2759,170,4,ŽARKA VUKOVIĆA PUCARA,Golf Naselje
162000,1459,111,3,DRAGAČEVSKA,Šumice
155000,1722,90,3,RADE KONČARA-ZEMUN,Meandri
310000,3605,86,3,KNEGINJE ZORKE,Hram Svetog Save
195000,2532,77,3,MEŠTROVIĆEVA,Braće Jerković
122400,1700,72,2,DIMITRIJA LAZAROVA RAŠE,Batajnica
124900,1892,66,2,NOVOGRADSKA,Sava Kovačević
150000,2679,56,2,BULEVAR KRALJA ALEKSANDRA,Vračar
117000,2167,54,2,MATICE SRPSKE,Mirijevo
140000,3415,41,2,ULCINJSKA,Lion
133000,3325,40,1,RUZVELTOVA,Bulbulder
95000,3167,30,1,VELE NIGRINOVE,Crveni Krst Vračar
138600,2310,60,2,PRVOMAJSKA,Zemun
62500,1689,37,1,BORSKA,Kanarevo Brdo
93000,2325,40,1,SEVINA,Zemun
285000,3276,87,4,CRVENI KRST VRAČAR,Vračar
118000,3576,33,1,ĐURIĆEVA,Zvezdara
132000,3300,40,1,VUKOV SPOMENIK,Zvezdara opština
219000,2959,74,3,PROTE MATEJE,Vračar
159000,2789,57,2,PARISKE KOMUNE,Blok 1 - Fontana
59000,1439,41,2,SAVE MALEŠEVIĆA,Borča
147000,3500,42,1,HERCEG STJEPANA,Donji Dorćol
143100,2650,54,2,VOJVODE STEPE,Autokomanda
175000,3500,50,2,SKADARSKA,Skadarlija
104500,1900,55,2,UGRINOVAČKI PUT VIII DEO 34,Altina
91200,1900,48,2,UGRINOVAČKI PUT VIII DEO 34,Altina
197000,3717,53,2,PETRA MARTINOVICA,Golf Naselje
99900,1427,70,3,SLAVOLJUBA VUKSANOVIĆA,Miljakovac II
68000,1308,52,3,TUZLANSKA,Petlovo Brdo
159000,2789,57,2,PARISKE KOMUNE,Blok 1 - Fontana
96000,2233,43,2,BUKOVAČKA,Ledine
349000,2664,131,3,KRALJA MILANA,Cvetni Trg
105000,2100,50,2,PETRA KONJOVICA,Kanarevo Brdo
128000,2612,49,3,SEVINA,Novi Grad
180000,3000,60,2,VOJVODE STEPE,Autokomanda
224400,3206,70,2,BULEVAR DESPOTA STEFANA,Skadarlija
88000,2146,41,1,STEVANA ĐURĐEVIĆA TROŠARINCA,Čukarička Padina
143000,2270,63,3,KOČE KAPETANA,Vračar
468600,3300,142,4,MAGLAJSKA,Dedinje
198000,3000,66,2,BRANKA KRSMANOVIĆA,Crveni Krst
96000,1959,49,1,BORSKA,Miljakovac
128000,3122,41,2,GUNDULIĆEV VENAC,Botanička Bašta
187000,2200,85,3,ZAPLANJSKA,Braće Jerković
260000,3514,74,2,SOKOLSKA,Vračar
189000,1948,97,4,DANILA BOJOVIĆA,Voždovac
119900,1790,67,2,DUŠANA MILOŠEVIĆA,Višnjička Banja
245000,3182,77,3,VIŠEGRADSKA,Klinički Centar
174000,3053,57,2,DONSKA,Denkova Bašta
199000,2488,80,3,BULEVAR DESPOTA STEFANA,Palilula
167000,3408,49,2,DRAGOSLAVA SREJOVIĆA,Palilula
260000,2600,100,4,STOJANA MATIĆA,Cerak
89000,2342,38,1,KRALJA BODINA,Lekino Brdo
950000,4060,234,4,SERDAR JOLA,Dedinje
199900,4080,49,2,BULEVAR HEROJA SA KOŠARA,Blok 65 - WEST 65
235000,3456,68,3,MIHIZOVA,Dorćol
120000,2143,56,2,BULEVAR PEKA DAPČEVIĆA,Kumodraž
88000,2095,42,1,KANAREVO BRDO,Kanarevo Brdo
83000,1766,47,2,PERA ĆETKOVIĆA,Karaburma
83000,1766,47,2,PERA ĆETKOVIĆA,Karaburma
248000,3221,77,3,MAKENZIJEVA,Kalenić
360000,4138,87,3,KRALJA PETRA,Beograd centar
290000,5273,55,2,HERCEGOVAČKA,Beograd na vodi
479000,4394,109,4,BULEVAR VUDROA VILSONA,Beograd na vodi
99000,1941,51,3,BRAĆE JERKOVIĆ,Voždovac opština
345000,4107,84,3,PATRIJARHA GAVRILA,Krunski Venac
70000,1400,50,3,ŽIVOJINA ĆULUMA,Zemun Polje
217000,2932,74,3,BULEVAR KRALJA ALEKSANDRA,Lipov Lad
250000,2632,95,4,ĐORĐA KRATOVCA,Lekino Brdo
400000,3252,123,3,DELIGRADSKA,Slavija
129000,2345,55,2,PARISKE KOMUNE,Blok 1 - Fontana
170000,2833,60,2,BEOGRADSKA,Vračar
275000,3438,80,3,SAZONOVA,Južni Bulevar
40000,1053,38,1,DEJANA SMILJKOVIĆA,Padinska Skela
210888,7030,30,0,BULEVAR VUDROA VILSONA,Beograd na vodi
425000,3427,124,5,KOSOVSKA,Skupština
89000,2282,39,1,DUŠKA RADOVIĆA,Zvezdara
105000,2143,49,2,VLASTIMIRA ĐUZE STOJILJKOVIĆA,Mirijevo
106600,2600,41,1,DR VELIZARA KOSANOVIĆA,Denkova Bašta
106600,2600,41,1,DR VELIZARA KOSANOVIĆA,Denkova Bašta
169900,4592,37,1,A BLOK - BLOK 67A,Novi Beograd
265000,3118,85,3,STOJANA PROTIĆA,Vračar
93500,2922,32,1,STRUMIČKA 13,Lekino Brdo
249000,2649,94,3,BULEVAR OSLOBOĐENJA 305,Banjička Šuma
94000,2474,38,1,ŽELEZNIČKA 52B,Novi Grad
429000,3698,116,4,VLAJKOVIĆEVA,Beograd centar
235000,1506,156,4,VOJVODE STEPE,Saobraćajni fakultet
144000,2939,49,2,SKADARSKA,Donji Dorćol
215000,3162,68,3,OMLADINSKIH BRIGADA,Blok 32
340000,3864,88,3,KRUNSKA,Pionirski Park
199000,3755,53,2,SVETOZARA MARKOVIĆA,Cvetni Trg
111500,2788,40,1,BULEVAR ARSENIJA CARNOJEVICA,Blok 33 - Geneks
118500,2236,53,2,DR. IVANA RIBARA 88,Blok 72
330000,2558,129,4,VLAJKOVIĆEVA,Skupština
89000,1935,46,2,JANKA KATIĆA - KRNJAČA,Krnjača
180000,3214,56,2,SINĐELIĆEVA-VRAČAR,Kalenić
249000,3113,80,3,VOJVODE DOBRNJCA,Beograd centar
122200,2600,47,1,MILEVE MARIĆ AJNŠTAJN,Blok 72
220000,3056,72,3,DILJSKA 1,Stara Karaburma
220000,3056,72,3,DILJSKA 1,Stara Karaburma
318600,2700,118,5,BRANKA KRSMANOVIĆA,Crveni Krst Vračar
250000,2500,100,4,AUTOKOMANDA,Voždovac opština
120000,4138,29,0,TOŠIN BUNAR,Novi Beograd
150000,1220,123,4,BRATSTVA I JEDINSTVA 89,Borča II
205000,4100,50,2,ČUBURA,Vračar
174000,3053,57,2,DONSKA 10,Cvetkova Pijaca
180000,1957,92,3,STARI KOŠUTNJAK,Rakovica opština
240000,2087,115,4,MINE VUKOMANOVIC,Denkova Bašta
270000,3068,88,4,BOŽE JANKOVIĆA,Autokomanda
160000,2759,58,2,TIHOMIRA VIŠNJEVCA,Cvetkova Pijaca
128000,2510,51,1,PALMIRA TOLJATIJA,Retenzija
199900,3332,60,2,MIKE ALASA,Donji Dorćol
168600,2409,70,3,GOSPODARA VUČIĆA,Lekino Brdo
110000,1467,75,2,VOJVODE STEPE,Kumodraž 2
145000,2377,61,2,BULEVAR JNA 2,Banjica
190000,1827,104,4,LEDINE,Novi Beograd
115000,2300,50,2,BRAĆE JERKOVIĆ,Voždovac opština
169000,2414,70,3,VOJVODE STEPE,Autokomanda
450000,2250,200,6,NEHRUOVA,Blok 44 TC Piramida
81000,2893,28,0,BUL. OSLOBODJENJA,Gornji Voždovac
520000,4000,130,5,CENTAR,Savski Venac
249900,1968,127,4,JASENOVA,Cerak Vinogradi
199500,2242,89,3,JURIJA GAGARINA,Blok 45
250000,3378,74,2,KRALJA MILUTINA,Slavija
112000,2000,56,2,MAJORA ZORANA RADOSAVLJEVIĆA,Batajnica
299000,2600,115,4,MILEŠEVSKA,Istočni Vračar
465000,3941,118,4,SVETOG SAVE,Istočni Vračar
120000,2143,56,1,PERE ĆETKOVIĆA,Karaburma
134000,2161,62,3,DR ZORE ILIĆ OBRADOVIĆ,Konjarnik
360000,4000,90,3,KAPETAN MIŠINA,Gornji Dorćol
117000,2659,44,2,VOJISLAVA ILIĆA,Crveni Krst Vračar
250000,2874,87,3,BULEVAR KRALJA ALEKSANDRA,Đeram
285000,3353,85,2,SVETOZARA MARKOVIĆA,Cvetni Trg
120000,2222,54,2,BULEVAR PEKA DAPCEVICA,Kumodraž
419000,2354,178,4,GVOZDICEVA,Lipov Lad
98000,2882,34,1,TETOVSKA,Lekino Brdo
170000,2329,73,2,JOVE ILICA,Voždovac
209000,2322,90,3,JURIJA GAGARINA,Blok 45
124900,2602,48,1,JURIJA GAGARINA,Blok 61
99000,1980,50,3,VODOVODSKA,Žarkovo
210000,2283,92,4,TREBEVIĆKA,Banovo Brdo
59500,1803,33,1,BRAĆE DEROKO,Petlovo Brdo
135000,3214,42,1,CVIJIĆEVA,Palilula opština
177000,1654,107,3,KOSTE GLAVINIĆA,Senjak
160000,2353,68,2,ISMETA MUJEZINOVIĆA,Bežanijska kosa 2
300000,3797,79,3,CARA NIKOLAJA II,Kalenić
244000,2871,85,3,KNEZA MILOŠA,Klinički Centar
210000,3088,68,3,SVETOGORSKA,Beograd centar
199990,2500,80,3,PALMIRA TOLJATIJA,Hotel YU
128100,2100,61,2,IVANA MIČURINA,Kanarevo Brdo
168000,1846,91,3,PATRIJARHA JOANIKIJA,Vidikovac
389900,3249,120,3,GENERALA SAVE GRUJIĆA,Dedinje
134900,2810,48,2,DŽONA KENEDIJA,Hotel YU
275000,5189,53,2,SMILJANIĆEVA,Krunski Venac
165000,1988,83,4,CERAK VINOGRADI,Čukarica
160000,2353,68,2,USTANIČKA,Šumice
298000,3137,95,3,MOLEROVA,Krunski Venac
270000,3103,87,3,ALEKSINAČKIH RUDARA,Blok 11c - Stari Merkator
90000,2000,45,1,MEDAKOVIĆEVA,Medaković 2
122000,1794,68,2,ZAGRADJE,Mirijevo
239000,3274,73,3,SVETOZARA COROVICA,Tašmajdan
168000,2100,80,3,NIKOLE DOKSATA,Mirijevo
160000,1905,84,3,KOSTE NADJA,Mirijevo
70000,2692,26,0,LJERMONTOVA,Šumice
128900,2631,49,2,DIMITRIJA TUCOVIĆA,Gradska Bolnica
250000,2660,94,3,BUL. KRALJA ALEKSANDRA,Lion
120000,2449,49,2,MATE MILOŠEVIĆ,Cvetanova Ćuprija
115000,1917,60,2,VLADISLAVA BAJCEVICA,Mirijevo
241000,2904,83,4,DZORDZA VASINGTONA,Zemun - Centar
144000,2618,55,2,CERSKA,Vračar
120000,2553,47,1,DR IVANA RIBARA,Blok 45
74000,1345,55,2,KOLONIJA,Voždovac
59000,1439,41,1,BORČA,Palilula opština
388426,2899,134,5,KUMODRAŠKA,Autokomanda
290000,2613,111,2,STOJANA PROTIĆA,Hram Svetog Save
169000,2113,80,3,BULEVAR OSLOBOĐENJA,Banjica
159000,2208,72,2,PARISKE KOMUNE,Blok 3
235000,3357,70,3,OMLADINSKIH BRIGADA,Blok 2
224400,3206,70,2,BULEVAR DESPOTA STEFANA,Skadarlija
135000,3068,44,1,BULEVAR MIHAILA PUPINA,Blok 8a - Paviljoni
95000,2262,42,1,ZEMUNSKA-NOVI BEOGRAD,Blok 60
78000,1902,41,1,KAPETANA MILOŠA ŽUNJIĆA,Mirijevo
57000,1425,40,1,HUSINSKIH RUDARA,Karaburma
95000,2639,36,1,PARISKE KOMUNE,Blok 4
231000,3850,60,2,RAVANIČKA,Lion
85000,2125,40,1,RADMILE SAVICEVIC,Mirijevo
160000,2667,60,2,MILESEVSKA,Kalenić
103000,2239,46,2,MIRKA MILOJKOVICA,Višnjička Banja
90000,1837,49,2,VISNJICKI VENAC,Višnjička Banja
121000,3457,35,1,DIMITRIJA TUCOVICA,Vukov Spomenik
158000,2394,66,2,LJUBE DAVIDOVIĆA,Denkova Bašta
228000,1594,143,3,VLASTIMIRA DJUZE STOJILJKOVICA,Mirijevo
115000,1643,70,4,BLAGOJA PAROVIĆA,Golf Naselje
55000,1618,34,1,ČARDAKLIJINA,Cvetkova Pijaca
179000,2295,78,3,ČARDAKLIJINA,Cvetkova Pijaca
114000,1900,60,2,MIĆE RADAKOVIĆA,Sava Kovačević
224400,3206,70,2,BULEVAR DESPOTA STEFANA,Skadarlija
115000,3026,38,1,BULEVAR MIHAJLA PUPINA,Retenzija
98000,1633,60,3,ZORINA,Žarkovo
114000,1900,60,2,MIĆE RADAKOVIĆA,Sava Kovačević
224400,3206,70,2,BULEVAR DESPOTA STEFANA,Skadarlija
115000,3026,38,1,BULEVAR MIHAJLA PUPINA,Retenzija
98000,1633,60,3,ZORINA,Žarkovo
295000,3642,81,3,BULEVAR MIHAJLA PUPINA,Blok 30
135000,2143,63,centralno,ISMETA MUJEZINOVIĆA,Bežanijska kosa
95000,1118,85,4,DUŠANA MAĐARČIĆA,Zemun Polje
119000,2429,49,2,DR IVANA RIBARA,Blok 72
275000,4825,57,3,GRAČANIČKA,Beograd centar
117000,2208,53,1,MOKROLUŠKA,Medaković
90700,1711,53,2,VOJVOĐANSKA,Ledine
149000,2709,55,2,MILUTINA MILANKOVIĆA,Blok 28
59500,2204,27,2,MIJE ALEKSIĆA,Surčin
148000,2000,74,2,VIŠNJIČKI VENAC,Višnjička Banja
143000,2750,52,2,CVIJIĆEVA,Palilula opština
125000,2500,50,1,BULEVAR KRALJA ALEKSANDRA,Lion
77000,2333,33,1,JASTREBAČKA,Karaburma
189000,2739,69,3,VUKICE MITROVIĆ,Kalenić
277000,4776,58,2,HERCEGOVAČKA,Beograd na vodi
98000,2579,38,1,PAUNOVA,Banjica
369000,4500,82,2,SVETOZARA MARKOVIĆA,Slavija
474000,3950,120,5,NJEGOŠEVA,Kalenić
79000,2821,28,0,KRALJICE KATARINE,Golf Naselje
295000,2950,100,4,GROČANSKA,Crveni Krst Vračar
465000,3941,118,4,SVETOG SAVE,Hram Svetog Save
115000,3026,38,1,RETENZIJA,Zemun
699000,6413,109,3,OMLADINSKIH BRIGADA,Blok 65 - WEST 65
185000,2372,78,3,RADOJA DAKIĆA,Institut za majku i dete Blok 7a - Paviljoni
249900,2603,96,4,NIKOLE DOBROVIĆA,Bežanijska kosa
235000,3456,68,2,MIHIZOVA,Donji Dorćol
240000,2609,92,6,VOJE VELJKOVIĆA,Zeleno Brdo
87900,2093,42,1,MATICE SRPSKE,Mirijevo
85000,2024,42,2,PERE VELIMIROVIĆA,Stari Košutnjak
290000,3625,80,3,MAČVANSKA,Hram Svetog Save
75000,1829,41,1,MRAKOVIČKA,Petlovo Brdo
119000,832,143,4,MIHAILA MILOVANOVIĆA,Mladenovac centar
245000,2952,83,3,CERSKA,Kalenić
80000,1818,44,2,NEBOJSINA,Južni Bulevar
55000,1833,30,1,TOMAŠA JEŽA,Kalenić
93500,2174,43,2,BANATSKA,Gornji Grad
98000,1960,50,1,MIRIJEVSKI BULEVAR,Karaburma
160000,2353,68,2,USTANIČKA,Konjarnik (Voždovački deo)
270000,3253,83,3,MILESEVSKA,Kalenić
295000,1879,157,5,PAZINSKA,FON - Voždovac
120000,1905,63,2,MILICE JANKOVIĆ,Karaburma
235000,3456,68,3,MIHIZOVA,Dorćol
97000,1702,57,2,IVANA SARIĆA,Mirijevo
123000,3237,38,2,LOŠINJSKA DONJA,Vukov Spomenik
165000,1988,83,3,DARINKE JEVRIĆ,Višnjička Banja
149000,1935,77,3,BRAĆE JERKOVIĆ,Voždovac opština
85000,2361,36,1,ZAPLANJSKA,Braće Jerković
133000,3325,40,1,RUZVELTOVA,Vukov Spomenik
154000,2655,58,2,BIRČANINOVA,Kneza Miloša
140000,2188,64,2,MILANA RAKIĆA,Vukov Spomenik
204000,3517,58,2,MUTAPOVA,Kalenić
270000,2700,100,3,VOJVODE STEPE,Voždovačka crkva
109000,1627,67,2,BOŽIĆNA,Kumodraž
240000,2857,84,3,JOVANA RAJIĆA,Crveni Krst Vračar
147000,2827,52,2,ČINGRIJINA,Gradska Bolnica
95000,2111,45,1,DIMITRIJA TUCOVIĆA,Bulbulder
440000,3099,142,4,BRANKOVA,Beograd centar
122400,2914,42,1,GRČIĆA MILENKA,Crveni Krst Vračar
229000,2045,112,4,BAČKA,Zemun
127000,1924,66,2,VESPUČIJEVA,Bežanijska kosa 3
295000,2950,100,3,BULEVAR VOJVODE MIŠIĆA,Senjak
169000,2449,69,2,TOŠE JOVANOVIĆA,Banovo Brdo
222000,2467,90,3,GUNDULIĆEV VENAC,Dorćol
173500,2224,78,3,POŽEŠKA,Banovo Brdo
122000,1794,68,2,ZAGRAĐE,Mirijevo
218000,2868,76,3,JURIJA GAGARINA,Blok 64
127900,2063,62,3,MILOVANA VIDAKOVIĆA,Vojvode Vlahovića
285000,3958,72,2,NJEGOŠEVA,Vračar
79000,2394,33,1,KAMENOGORSKA,Olimp
118000,3576,33,1,ĐURIĆEVA,Bulbulder
83000,2594,32,1,ŠANTIĆEVA,Dorćol
179000,2419,74,3,DIMITRIJA TUCOVIĆA,Bulbulder
133000,2463,54,2,OTONA ŽUPANČIČA,Blok 1 - Fontana
123000,4100,30,1,STRAHINJIĆA BANA,Skadarlija
110000,1467,75,2,VOJVODE STEPE,Kumodraž 2
465000,3941,118,4,SVETOG SAVE,Hram Svetog Save
99900,1998,50,2,ZMAJ JOVINA,Zemun - Centar
120000,2308,52,2,CVIJIĆEVA,Palilula opština
168000,1846,91,3,GORNJOGRADSKA,Zemun
305000,1303,234,6,RADIVOJA MARKOVIĆA,Mirijevo
320000,1675,191,5,MIHAILA BULGAKOVA,Mirijevo
477000,2650,180,6,KRALJICE NATALIJE,Beograđanka
416585,2893,144,5,KUMODRAŠKA,Autokomanda
228000,1594,143,3,VLASTIMIRA ĐUZE STOJILJKOVIĆA,Mirijevo
159000,1242,128,4,MIODRAGA PETROVIĆA - KRNJAČA,Krnjača
204000,1632,125,4,CERSKA-VRAČAR,Crveni Krst Vračar
145000,1318,110,4,SEMJUELA BEKETA,Mirijevo
140000,1373,102,4,PARTIZANSKE VODE,Stari Cerak
189000,1948,97,4,DANILA BOJOVIĆA,Saobraćajni fakultet
336000,3537,95,3,ŽORŽA KLEMANSOA,Donji Dorćol
264000,2901,91,4,ŠUMATOVAČKA,Crveni Krst Vračar
261000,2900,90,4,KUMODRAŠKA,Autokomanda
165000,2063,80,3,CRNOTRAVSKA,Banjica
187000,2493,75,2,VOJVODE STEPE,Gornji Voždovac
153000,2125,72,2,PRVE PRUGE,Retenzija
266000,3855,69,3,BILEĆKA,Gornji Voždovac
230000,3333,69,3,GOSPODARA VUČIĆA,Lekino Brdo
240000,3582,67,3,GOSPODAR JEVREMOVA,Gornji Dorćol
138000,2156,64,2,VIDIKOVAČKI VENAC,Vidikovac
92000,1438,64,2,11. KRAJIŠKE DIVIZIJE,Labudovo Brdo
96876,1615,60,2,ORLOVSKA,Mirijevo
119000,1653,72,3,VOJVODE STEPE,Autokomanda
141000,2564,55,2,BORIVOJA STEVANOVIĆA,Medaković 3
120000,2400,50,2,GANDIJEVA,Blok 44 TC Piramida
92000,2044,45,2,MIHAILA BULGAKOVA,Mirijevo
135000,3068,44,1,JOVANA AVAKUMOVIĆA,Profesorska Kolonija
75000,2500,30,1,DRAGICE KONČAR,Braće Jerković
74000,1213,61,2,JELEZOVAČKA,Resnik
115000,1620,71,3,BOGDANA ŽERAJIĆA,Miljakovac
465000,3941,118,4,SVETOG SAVE,Hram Svetog Save
115000,2300,50,2,RADA NEIMARA,Šumice
130000,2889,45,1,NEHRUOVA,Blok 62
95000,2111,45,1,DIMITRIJA TUCOVIĆA,Gradska Bolnica
85000,2179,39,2,RADMILE SAVIĆEVIĆ,Mirijevo
80000,2051,39,1,17. OKTOBRA,Labudovo Brdo
110000,2973,37,1,NEHRUOVA,Blok 62
85100,2300,37,1,RADA NEIMARA,Šumice
81000,2250,36,1,MILJANA MILJANIĆA,Cvetanova Ćuprija
65000,2167,30,1,SAVE KOVAČEVIĆA - KRNJAČA,Krnjača
157000,2415,65,2,NEHRUOVA,Blok 62
105000,1522,69,2,KRALJA UROŠA I,Batajnica
359999,2951,122,4,MILOJA ĐAKA,Dedinje
55000,2200,25,1,JOVANA CVIJIĆA,Kaluđerica
175000,2500,70,2,NARODNIH HEROJA,Blok 33 - Geneks
345000,3670,94,3,PATRIJARHA GAVRILA,Kalenić
119000,3500,34,1,GVOZDICEVA,Lipov Lad
259000,3198,81,3,GVOZDICEVA,Lipov Lad
369000,3209,115,4,GVOZDICEVA,Lipov Lad
360000,2647,136,4,MILOJA ĐAKA,Dedinje
139000,2356,59,2,USTANIČKA,Dušanovac
84900,2177,39,1,GRGUREVAČKA,Stara Bežanija
75000,2586,29,1,NIKŠIĆKA,FON - Voždovac
169000,3189,53,2,BELIMARKOVICEVA,Lekino Brdo
169000,2641,64,2,VOJVODE BOGDANA,Vukov Spomenik
349000,3231,108,4,RESAVSKA,Centar
135000,2250,60,2,BULEVAR ZORANA ĐINĐIĆA,Blok 25 - Arena
139000,2673,52,2,KORNELIJA STANKOVIĆA,Neimar
118000,3576,33,1,ĐURIĆEVA,Bulbulder
45000,1452,31,1,LEDINE,Novi Beograd
75000,1500,50,2,VOJVODE STEPE,Kumodraž
190000,1827,104,4,CINGRIJINA,Gradska Bolnica
198900,3315,60,2,VOJVODE STEPE,Stepa Stepanović
142000,2254,63,2,GANDIJEVA,Blok 64
456000,2815,162,6,BATUTOVA,Lion
200000,1471,136,3,CRNOTRAVSKA,Banjica
350000,2778,126,6,VOJVODE ĐUROVIĆA,Autokomanda
300000,2586,116,3,SVETOZARA MILETIĆA-ZEMUN,Kalvarija
280000,2500,112,4,KRALJICE MARIJE,Poštanska Štedionica
269000,2445,110,3,2. SRPSKE ARMIJE,Stepa Stepanović
420000,3925,107,4,PRAŠKA,Golf Naselje
381852,3602,106,4,MAJORA ILIĆA,Tašmajdan
385200,3600,107,4,MAJORA ILIĆA,Tašmajdan
275000,2644,104,3,2. SRPSKE ARMIJE,Stepa Stepanović
140400,1350,104,3,BORIVOJA STEVANOVIĆA,Medaković 3
378000,3743,101,3,BULEVAR DESPOTA STEFANA,Botanička Bašta
270000,2700,100,4,DESET AVIJATIČARA,Konjarnik
155000,1824,85,3,KRALJEVAČKA,Braće Jerković
230000,2771,83,3,2. SRPSKE ARMIJE,Stepa Stepanović
179999,2222,81,3,VOJVODE STEPE,Voždovac
105000,1313,80,2,GARSIJE LORKE,Karaburma
160000,2025,79,3,BORSKA,Miljakovac I
125800,1700,74,3,SERDARA JANKA VUKOTIĆA,Labudovo Brdo
230000,3151,73,2,DOBRINJSKA,Terazije
285000,3958,72,2,NJEGOŠEVA-VRAČAR,Kalenić
160000,2286,70,2,TIHOMIRA VIŠNJEVCA,Cvetkova Pijaca
134000,2161,62,3,MILOVANA VIDAKOVIĆA,Veliki Mokri Lug
160000,2623,61,2,POŽEŠKA,Banovo Brdo
200000,3509,57,2,USTANIČKA,Konjarnik
84000,1500,56,2,KATARINE HOLECEV,Vidikovac
120000,2222,54,1,BULEVAR PEKA DAPČEVIĆA,Kumodraž 2
68000,1308,52,2,GOSPODARA VUČIĆA,Lion
55000,1833,30,0,SVETOG KLIMENTA,Cvetkova Pijaca
58000,2900,20,0,VUČITRNSKA,Senjak
129000,3225,40,1,KNEZ MILETINA,Beograd centar
92900,2997,31,1,OMLADINSKIH BRIGADA,Blok 33 - Geneks
120000,3000,40,1,SARAJEVSKA 30,Sarajevska
162500,2500,65,2,NEHRUOVA,Blok 62
275000,4104,67,3,GOSPODAR JOVANOVA,Gornji Dorćol
453000,2299,197,6,PREŠERNOVA,Autokomanda
336753,2551,132,4,KARPOŠEVA,Banovo Brdo
349900,3152,111,3,PIVLJANINA BAJE,Beli Potok
450000,4128,109,4,BULEVAR VUDROA VILSONA,Beograd na vodi
199000,2052,97,4,PREŠERNOVA,Autokomanda
330000,3587,92,4,GOSPODAR JOVANOVA,Gornji Dorćol
299000,3477,86,2,KRALJA MILUTINA,Cvetni Trg
181419,2668,68,3,KARPOŠEVA,Banovo Brdo
175589,2660,66,3,KARPOŠEVA,Banovo Brdo
169000,2600,65,2,OMLADINSKIH BRIGADA,Blok 33 - Geneks
198000,3194,62,2,KOSOVSKA-STARI GRAD,Skupština
170448,2841,60,3,KARPOŠEVA,Banovo Brdo
159600,2800,57,2,BORIVOJA STEVANOVIĆA,Medaković 3
105000,2100,50,2,PERE SEGEDINCA,Bežanijska kosa
75000,1630,46,1,OPLENACKA,Petlovo Brdo
170000,2787,61,2,ZRMANJSKA,Banovo Brdo
165000,2115,78,2,GANDIJEVA,Blok 64
125000,2907,43,1,LAZARA TASICA,Lekino Brdo
249000,2798,89,4,BULEVAR DESPOTA STEFANA,Tašmajdan
130000,2000,65,2,BRACE JERKOVICA,Braće Jerković
360000,4000,90,2,NJEGOSEVA,Kalenić
185000,2313,80,3,STUDENTSKA,Blok 1 - Fontana
237000,3247,73,2,VOJVODE HRVOJA,Južni Bulevar
310000,3444,90,3,POLITOVA,Južni Bulevar
222000,3041,73,3,CERSKA,Kalenić
135000,2288,59,1,LIPA,Cerak Vinogradi
209000,3483,60,2,SUMATOVACKA,Čubura
112500,1654,68,3,DR NIKA MILJANICA,Karaburma
360000,4186,86,3,HILANDARSKA,Beograd centar
65000,2097,31,1,SKOPLJANSKA,Zemunske kapije
450000,4688,96,2,JURIJA GAGARINA,A Blok - Blok 67a
280000,3043,92,3,SKADARSKA-STARI GRAD,Skadarlija
135000,1484,91,3,VIŠNJIČKI VENAC,Višnjička Banja
250031,2778,90,3,VOJVODE ŠUPLJIKCA,Vukov Spomenik
204900,2277,90,3,VLADIMIRA TOMANOVIĆA,Konjarnik
314423,3573,88,3,VOJVODE ŠUPLJIKCA,Vukov Spomenik
65250,750,87,3,20. OKTOBRA-LEŠTANE,Leštane
309000,3593,86,3,BALKANSKA,Terazije
199000,2314,86,4,SANSKA,Autokomanda
99900,1162,86,3,DRAGOSLAVA SREJOVIĆA,Karaburma
240000,3000,80,3,ZELENI VENAC,Obilićev Venac
240000,3429,70,3,ZAHUMSKA,Vukov Spomenik
165000,2391,69,3,KARAĐORĐEVA-SAVSKI VENAC,Savamala
149000,2258,66,1,GARIBALDIJEVA-VOŽDOVAC,Lekino Brdo
124000,2000,62,3,JOVANKE RADAKOVIĆ,Mirijevo
120000,2069,58,2,MARINE KOLJUBAJEVE,Retenzija
105000,2100,50,2,PERE SEGEDINCA,Bežanijska kosa
205000,4184,49,2,TRNSKA-VRAČAR,Kalenić
65000,1444,45,1,MASARIKOV TRG,Donji Grad
42000,955,44,1,ZRENJANINSKI PUT,Borča
250000,6579,38,1,OMLADINSKIH BRIGADA,Blok 65 - WEST 65
72200,1900,38,1,VLAŠIĆKA,Karaburma
104400,2900,36,2,SVETOZARA MARKOVIĆA-VRAČAR,Cvetni Trg
94000,2410,39,2,SKOPLJANSKA,Zemunske kapije
199000,3685,54,2,SARAJEVSKA,Savski Venac
109000,2659,41,2,BANOVO BRDO,Čukarica
125000,2083,60,2,MATICE SRPSKE,Mirijevo
190000,2500,76,2,KOSTE ABRAŠEVIĆA,Lion
274340,4355,63,3,LAMARTINOVA,Hram Svetog Save
80000,1818,44,2,MARKA OREŠKOVIĆA,Bulbulder
340000,4000,85,3,VUKICE MITROVIĆ,Crveni Krst Vračar
800000,5161,155,5,SVETOZARA MARKOVICA,Tašmajdan
730000,2897,252,5,SVETOZARA MARKOVICA,Tašmajdan
250000,3378,74,3,KAJMAKCALANSKA,Crveni Krst Vračar
459000,5667,81,3,BULEVAR VUDROA VILSONA,Beograd na vodi
385000,4010,96,3,MILESEVSKA,Kalenić
295000,3642,81,3,BULEVAR MIHAJLA PUPINA,Blok 30
429000,3698,116,4,VLAJKOVIĆEVA,Skupština
99000,2020,49,2,CERSKI VENAC,Cerak Vinogradi
95000,1583,60,2,17. OKTOBRA,Labudovo Brdo
108000,1688,64,2,NIĆIFORA NINKOVIĆA,Petlovo Brdo
217500,2900,75,3,MILUTINA MILANKOVIĆA,Blok 28
144738,2495,58,2,PAJE JOVANOVIĆA 11,Učiteljsko Naselje
256000,2943,87,3,VOJVODE DOBRNJCA,Botanička Bašta
552000,3450,160,4,SLAVKA ĆURUVIJE,Dedinje
234000,3000,78,2,ALEKSINACKIH RUDARA,Hotel YU
174000,3053,57,2,DONSKA,Cvetkova Pijaca
159000,2409,66,3,LJUBA VUCKOVICA,Voždovac
150000,2500,60,1,TRGOVAČKA,Žarkovo
330000,3084,107,4,LOMINA,Centar
85000,2237,38,1,MARIJANE GREGORAN,Karaburma
72540,1814,40,1,ŠKOLE PAVLE SAVIĆ,Mirijevo III
283284,3586,79,3,MAJORA ILIĆA,Tašmajdan
159000,2208,72,2,VIŠNJIČKI VENAC,Višnjička Banja
227000,3068,74,2,PROTE MATEJE,Slavija
258660,3593,72,2,MAJORA ILIĆA,Tašmajdan
90000,2000,45,1,VLADIMIRA TOMANOVICA,Šumice
135000,2143,63,3,ISMETA MUJEZINOVICA,Bežanijska kosa 2
235000,3052,77,3,KARADJORDJEVA,Zemunski Kej
260000,4333,60,2,ALEKSE NENADOVIĆA,Slavija
119000,2245,53,2,DR. IVANA RIBARA,Blok 72
199000,4061,49,2,BULEVAR HEROJA SA KOŠARA,Blok 65 - WEST 65
112000,2489,45,1,GANDIJEVA,Blok 63
152000,3619,42,2,USTANIČKA,Šumice
65000,1625,40,1,SAVE KOVAČEVIĆA - KRNJAČA,Krnjača
79000,2821,28,1,KRALJICE KATARINE,Golf Naselje
87000,1813,48,2,VITEZOVA KARAĐORĐEVE ZVEZDE,Mirijevo
85000,2500,34,1,RALJSKA,Učiteljsko Naselje
109000,2725,40,1,BULEVAR KRALJA ALEKSANDRA,Vukov Spomenik
94000,2541,37,1,GORNJI GRAD,Zemun
114000,2533,45,2,VOJVODE HRVOJA,Južni Bulevar
63000,1432,44,1,DECEMBARSKA,Kumodraž
99900,2629,38,1,JOVANA BIJELIĆA,Braće Jerković
155000,2214,70,2,LEDINAČKA,Severni Bulevar
149900,2271,66,2,KAČIĆEVA,Učiteljsko Naselje
800000,6667,120,4,HERCEGOVAČKA,Beograd na vodi
195000,2746,71,3,LJUTICE BOGDANA,Autokomanda
230000,3538,65,3,GOSPODARA VUČIĆA,Južni Bulevar
139000,4212,33,2,NEVESINJSKA,Kalenić
325000,3421,95,4,ADA CIGANLIJA,Čukarica
396000,4605,86,3,DORĆOL,Stari Grad opština
260000,2097,124,4,VOJVODE STEPE,Saobraćajni fakultet
253000,4148,61,2,DOBROVOLJAČKA,Gornji Grad
188000,2507,75,3,NEHRUOVA,Blok 63
180000,2727,66,2,OMLADINSKIH BRIGADA,Blok 70
165000,4583,36,1,BRANKA KRSMANOVIĆA,Crveni Krst
85000,3036,28,1,USTANIČKA,Konjarnik
265000,2284,116,4,ĐUKE DINIĆA,Zvezdara
185000,3627,51,2,SKENDERBEGOVA,Dorćol
132000,2095,63,2,PILOTA MIHAILA PETROVIĆA,Rakovica
125000,1894,66,3,VITEZOVA KARAĐORĐEVE ZVEZDE,Mirijevo
139000,1675,83,4,MEDAKOVIĆEVA,Medaković 2
68000,1700,40,1,MILJAKOVAC,Rakovica opština
239000,2516,95,4,BOŽE JANKOVIĆA,Autokomanda
160000,3810,42,2,MIHAILA BOGIĆEVIĆA,Centar
226000,3587,63,3,NEVESINJSKA,Kalenić
230000,2500,92,2,DRINČIĆEVA,Bajlonijeva Pijaca
239000,3274,73,3,SVETOZARA ĆOROVIĆA,Tašmajdan
112000,2872,39,1,DRUGE SRPSKE ARMIJE,Stepa Stepanović
125000,1389,90,3,JEVREMA GRUJIĆA,Diplomatska Kolonija
78000,2000,39,1,MIRIJEVSKI VENAC,Mirijevo
97000,1565,62,2,EPISKOPA NIKOLAJA,Altina
65000,1083,60,3,STEVANA LUBURIĆA,Filmski Grad
177500,3170,56,2,MILUTINA MILANKOVIĆA,Blok 28
165000,3300,50,1,NJEGOŠEVA,Vračar
250000,2688,93,3,GANDIJEVA,Blok 44 TC Piramida
115000,1917,60,2,FRONTOVSKA,Žarkovo
94900,2636,36,1,KUMODRAŠKA,Dušanovac
153000,2593,59,2,BULEVAR ARSENIJA ČARNOJEVIĆA,Blok 28
133000,2111,63,2,BRAĆE JERKOVIĆ,Voždovac opština
225000,3571,63,3,BELIMARKOVIĆEVA,Lekino Brdo
420000,3182,132,4,ĆIRILA I METODIJA,Vukov Spomenik
63500,1716,37,1,MUMINOVAČKA,Kneževac
118000,1573,75,3,SVETOG RAFAILA ŠIŠATOVAČKOG,Batajnica
65000,1625,40,1,PRVOMAJSKA,Zemun
59000,1204,49,2,STEVANA DUBAJIĆA,Batajnica
295000,3172,93,5,PARTIZANSKE AVIJACIJE,Bežanijska kosa 1
121000,1921,63,2,DRAGANA RAKIĆA,Sava Kovačević
725400,3900,186,4,DUBLJANSKA,Hram Svetog Save
228000,2850,80,4,DAVIDA PAJIĆA,Lekino Brdo
93500,1640,57,3,FRANCA JANKEA,Mirijevo
125000,1953,64,2,JOVANA BIJELIĆA,Braće Jerković
320000,2133,150,3,VOJVODE STEPE,Saobraćajni fakultet
170000,2464,69,2,GANDIJEVA,Blok 64
194000,4619,42,2,DRINČIĆEVA,Dorćol
330000,4024,82,3,VISOKOG STEVANA,Donji Dorćol
118000,1573,75,3,SVETOG RAFAILA ŠIŠATOVAČKOG,Batajnica
50000,1515,33,1,KOSTE JOSIPOVIĆA,Blok Braća Marić
280000,4000,70,4,ŠEKSPIROVA,Dedinje
245000,2042,120,4,POENKAROVA,Cvijićeva
115000,1983,58,2,MEANDRI,Zemun
319000,1802,177,4,MILIĆA OD MAČVE,Mirijevo IV
888000,4000,222,5,HERCEGOVAČKA,Beograd na vodi
597240,3955,151,3,ŠUMATOVAČKA,Hram Svetog Save
223590,3665,61,2,ŠUMATOVAČKA,Hram Svetog Save
221320,3689,60,2,ŠUMATOVAČKA,Hram Svetog Save
670000,4012,167,5,KUMANOVSKA,Vukov Spomenik
222000,3524,63,2,AMBASADOR PARK DEDINJE,Dedinje
160000,2857,56,3,ISMETA MUJEZINOVIĆA,Bežanijska kosa 2
340000,3778,90,3,KARNEGIJEVA,Tašmajdan
163000,2587,63,2,JURIJA GAGARINA,Blok 61
302000,3683,82,3,ADMIRALA GEPRATA,Beograđanka
155000,2123,73,2,JOSIPA KULUNDŽIĆA,Kalvarija
89990,1500,60,2,MILANA UZELCA,Kalvarija
100000,2222,45,1,NEHRUOVA,Blok 62
168200,2900,58,2,SAVSKA,Savski Trg
104900,2331,45,1,DUŠANA VUKASOVIĆA,Blok 62
188000,1790,105,3,MIRKA MILOJKOVIĆA,Višnjička Banja
130000,1912,68,3,KOSMAJSKA,Cerak
396000,3300,120,4,OMLADINSKIH BRIGADA,Blok 65 - WEST 65
498000,5413,92,3,BGD,Beograd na vodi
410000,3628,113,4,VUDROA VILSONA 8A,Beograd na vodi
117000,1950,60,2,SLANAČKI PUT,Višnjička Banja
260000,4063,64,2,BULEVAR MIHAILA PUPINA,Blok 12 - YUBC
210000,3684,57,2,VELEBITSKA,Lion
140000,2692,52,2,SIME LOZANIĆA,Dedinje
139650,2850,49,1,DAVIDA PAJIĆA,Lekino Brdo
228000,2850,80,3,DAVIDA PAJIĆA,Lekino Brdo
94000,1843,51,2,SIME LOZANIĆA,Dedinje
420000,3182,132,4,ĆIRILA I METODIJA,Vukov Spomenik
240000,1500,160,4,VOJE VELJKOVIĆA,Kluz
207550,1759,118,5,KAPETANA MILOŠA ŽUNJIĆA,Mirijevo
146528,1765,83,4,KAPETANA MILOŠA ŽUNJIĆA,Mirijevo
456000,2815,162,6,BATUTOVA,Lion
300000,5172,58,2,HERCEGOVAČKA,Beograd na vodi
77520,1520,51,2,PARTIZANSKI BLOK ULICA 1.,Krnjača
140400,1350,104,4,BORIVOJA STEVANOVIĆA,Medaković 3
275000,5189,53,2,SMILJANIĆEVA,Krunski Venac
275000,5189,53,2,SMILJANIĆEVA,Krunski Venac
175000,3365,52,2,GOSPODAR JEVREMOVA,Gornji Dorćol
239200,2600,92,3,DJERAM,Đeram
250000,2500,100,4,ADMIRALA VUKOVIĆA,Autokomanda
141780,2181,65,2,DUŠANA VUKASOVIĆA,Blok 62
595000,2587,230,4,PIVLJANINA BAJE,Dedinje
95000,1532,62,3,SESTARA JANKOVIĆ,Višnjička Banja
177500,3170,56,2,BULEVAR MILUTINA MILANKOVIĆA,Blok 25 - Arena
520000,3611,144,4,KOPITAREVA GRADINA,Stari Grad opština
249000,2541,98,4,KRIŽANIĆEVA,Denkova Bašta
63000,2100,30,1,LJUBE DANILOVIĆA,Mirijevo
337000,2496,135,5,BULEVAR DESPOTA STEFANA,Botanička Bašta
340000,3542,96,4,KNEGINJE ZORKE,Hram Svetog Save
105000,2692,39,2,DR ALEKSANDRA KOSTIĆA,Palata Pravde
90000,2000,45,2,MIHAILA BULGAKOVA,Mirijevo
349350,2550,137,4,BANOVO BRDO,Čukarica
107000,1646,65,3,KRAJIŠKA,Gornji Grad
285000,4750,60,2,BALKANSKA,Beograd centar
195000,2143,91,3,BLOK 70,Novi Beograd
75000,1829,41,1,MRAKOVIČKA,Petlovo Brdo
260000,4063,64,2,BULEVAR MIHAILA PUPINA,Blok 12 - YUBC
79000,2079,38,1,ARČIBALDA RAJSA,Filmski Grad
214900,3207,67,2,KNEZA MILOŠA,Klinički Centar
489000,2982,164,5,SKUPŠTINA,Stari Grad opština
235000,2500,94,3,BULEVAR DESPOTA STEFANA,Botanička Bašta
307500,3106,99,4,SAVA CENTAR,Blok 19 Sava Centar
77760,1080,72,3,CRKVENA,Mladenovac centar
250000,2604,96,4,PARISKE KOMUNE,Blok 1 - Fontana
130000,2889,45,2,GOSPODARA VUČIĆA,Južni Bulevar
270000,3699,73,3,KRALJICE MARIJE,Vukov Spomenik
104000,1677,62,2,PERE ĆETKOVIĆA,Karaburma
92500,1968,47,1,DOLENJSKA,Učiteljsko Naselje
180000,2195,82,3,BULEVAR ARSENIJA ČARNOJEVIĆA,Blok 25 - Arena
258000,2835,91,3,DŽONA KENEDIJA,Hotel YU
247500,2526,98,3,BUL. MIHAILA PUPINA,Blok 12 - YUBC
110000,2115,52,2,ARILJSKA,Olimp
3000,21,141,5,PALMOTIĆEVA,Beograd centar
100000,2381,42,2,ARCIBALDA RAJSA,Filmski Grad
76290,1623,47,3,BULEVAR JNA,Jajinci
58600,1628,36,2,BULEVAR JNA,Jajinci
90800,1621,56,3,BULEVAR JNA,Jajinci
74260,1614,46,2,BULEVAR JNA,Jajinci
255000,3036,84,3,GENERALA VLADIMIRA KONDIĆA,Stepa Stepanović
56000,1000,56,2,MLADENOVAC CENTAR,Mladenovac opština
129000,3000,43,1,GANDIJEVA,Blok 63
192000,2430,79,3,CVIJIĆEVA,Palilula opština
93000,2114,44,1,RADOVANA SIMIĆA- CIGE,Medaković 2
125900,3703,34,1,CVIJIĆEVA,Palilula opština
199990,2500,80,1,PALMIRA TOLJATIJA,Blok 11c - Stari Merkator
170000,1466,116,5,PERA ĆETKOVIĆA,Karaburma
250000,5000,50,2,JURIJA GAGARINA,Blok 63
421300,2601,162,5,DUSANOVAC,Dušanovac
369000,2599,142,5,DUSANOVAC,Dušanovac
322660,2602,124,4,DUSANOVAC,Dušanovac
321620,2594,124,4,DUSANOVAC,Dušanovac
201240,2614,77,3,DUSANOVAC,Dušanovac
216530,2609,83,3,DUSANOVAC,Dušanovac
194870,2598,75,3,DUSANOVAC,Dušanovac
193390,2613,74,3,DUSANOVAC,Dušanovac
178100,2581,69,3,DUSANOVAC,Dušanovac
178410,2586,69,2,DUSANOVAC,Dušanovac
275000,5189,53,2,SMILJANICEVA,Kalenić
83210,2684,31,1,DUSANOVAC,Dušanovac
81910,2730,30,1,DUSANOVAC,Dušanovac
1315888,9605,137,3,KULA 1605,Beograd na vodi
194870,2598,75,3,DUSANOVAC,Dušanovac
193390,2613,74,3,DUSANOVAC,Dušanovac
178410,2586,69,2,DUSANOVAC,Dušanovac
178100,2581,69,3,DUSANOVAC,Dušanovac
275000,5189,53,2,SMILJANICEVA,Kalenić
83210,2684,31,1,DUSANOVAC,Dušanovac
81910,2730,30,1,DUSANOVAC,Dušanovac
1315888,9605,137,3,KULA 1605,Beograd na vodi
1160888,9515,122,3,KULA 1601,Beograd na vodi
1151888,10867,106,3,KULA 1409,Beograd na vodi
1151888,10867,106,3,KULA 1408,Beograd na vodi
1003888,9471,106,3,KULA 1403,Beograd na vodi
100000,1754,57,2,NIKOLE DOKSATA,Zvezdarska Šuma
108000,1800,60,2,MEŠTROVIĆEVA,Braće Jerković
515000,4640,111,4,KURSULINA,Kalenić
230000,2674,86,4,PEĐE MILOSAVLJEVIĆA,Bežanijska kosa
116900,2125,55,2,CARA DUŠANA,Gornji Grad
97200,1200,81,3,DUŠANA MAĐARČIĆA,Zemun Polje
122500,2008,61,2,BULEVAR MIHAILA PUPINA,Blok 11c - Stari Merkator
140000,2545,55,2,BULEVAR OSLOBOĐENJA,Banjica
395000,3135,126,4,BULEVAR ZORANA ĐINĐIĆA,Blok 25 - Arena
120000,2308,52,2,PERA ĆETKOVIĆA,Karaburma
119000,3967,30,1,KOSOVSKA,Zemun - Centar
240000,2581,93,4,BULEVAR ARSENIJA ČARNOJEVIĆA,Blok 29
123000,2121,58,2,MIĆA RADAKOVIĆA,Sava Kovačević
115000,3485,33,1,BULEVAR ZORANA ĐINĐIĆA,Blok 34
140000,2917,48,2,VARVARINSKA,Lekino Brdo
118500,2236,53,2,DR IVANA RIBARA,Blok 61
199000,3755,53,2,SVETOZARA MARKOVIĆA,Cvetni Trg
105000,2100,50,2,MIODRAGA MIJOVIĆA,Mirijevo
1020000,6000,170,4,GOSPODAR JOVANOVA,Dorćol
170000,3036,56,3,ILIJE GARASANINA,Tašmajdan
172000,3660,47,2,DŽORDŽA VAŠINGTONA,Botanička Bašta
215000,3359,64,2,DALMATINSKA,Vukov Spomenik
250000,3521,71,2,OTONA ŽUPANČIČA,Paviljoni
139000,2439,57,2,GENERAL ŽDANOVA,Paviljoni
50000,1250,40,1,MIRIJEVO II,Mirijevo
102000,2267,45,2,DRENOVAČKA,Karaburma
200000,1550,129,4,MATIJE GUPCA,Rakovica
307000,3744,82,3,PROTE MATEJE,Slavija
250000,3906,64,2,VIKENTIJA RAKICA,Kalvarija
309000,3433,90,3,CENTAR,Savski Venac
212500,3427,62,2,DORĆOL,Stari Grad opština
188700,3370,56,2,DORĆOL,Stari Grad opština
107360,1760,61,2,KELTSKA,Zeleno Brdo
112500,1607,70,3,SAVE KOVAČEVIĆA,Mirijevo
107360,1760,61,2,KELTSKA,Zeleno Brdo
198400,3200,62,3,JUŽNI BULEVAR,Vračar
282100,3100,91,3,JUŽNI BULEVAR,Vračar
178000,3560,50,1,NJEGOŠEVA,Kalenić
122000,1848,66,2,GANDIJEVA,Blok 64
116400,1225,95,3,BURGEROVIH,Zemun Polje
540000,4286,126,4,VLAJKOVIĆEVA,Skupština
265000,2849,93,3,DOSITEJEVA,Knez Mihailova
230000,3239,71,2,BULEVAR KRALJA ALEKSANDRA,Vukov Spomenik
134000,1763,76,3,MILORADA DRAŠKOVIĆA,Petlovo Brdo
220000,3385,65,3,GOSPODARA VUČIĆA,Vračar
240000,2500,96,3,VELIKOMORAVSKA,Denkova Bašta
209900,1693,124,3,MIS IRBIJEVE,Učiteljsko Naselje
200000,1709,117,4,DUŠANA VUKASOVIĆA,Blok 62
150000,1087,138,5,MEDAKOVIĆEVA,Medaković
460000,4000,115,4,OBILIĆEV VENAC,Knez Mihailova
307000,3744,82,3,PROTE MATEJE,Slavija
121900,2973,41,1,DR IVANA RIBARA,Blok 71
57000,1727,33,1,CIGLARSKA,Slanci
160000,2353,68,2,VIDSKA,Šumice
235000,3917,60,2,BULEVAR CRVENE ARMIJE,Blok 67 - Belville
160000,5333,30,3,FRUŠKOGORSKA,Kosančićev Venac
208640,3210,65,2,SAZONOVA,Crveni Krst Vračar
155000,1890,82,3,PORUČNIKA SPASIĆA I MAŠERE,Julino Brdo
89000,2282,39,1,NEVENKE URBANOVE,Mirijevo
67000,1031,65,3,STERIJINA,Surčin
180000,2500,72,3,KIROVLJEVA,Banovo Brdo
417000,3897,107,5,SINĐELIĆEVA,Kalenić
150000,3125,48,2,BULEVAR ZORANA ĐINĐIĆA,Blok 34
149000,2759,54,2,RADOJA DOMANOVIĆA,Lion
197000,3717,53,2,PETRA MARTINOVIĆA,Golf Naselje
45000,1667,27,1,VALJEVSKOG ODREDA,Borča
144500,2223,65,2,NARODNIH HEROJA,Blok 38
42000,600,70,3,DUNAVAC,Padinska Skela
135000,1929,70,3,VITEZOVA KARAĐORĐEVE ZVEZDE,Mirijevo
139000,2138,65,2,DUŠANA VUKASOVIĆA,Blok 62
115000,2674,43,2,BULEVAR KRALJA ALEKSANDRA,Tašmajdan
215000,3028,71,2,MAKSIMA GORKOG,Kalenić
157000,2453,64,2,JURIJA GAGARINA,Blok 61
131600,3210,41,2,BULEVAR DESPOTA STEFANA,Palilula
98900,1939,51,2,SALVADORA ALJENDEA,Karaburma
198000,2676,74,3,VOJISLAVA ILICA,Crveni Krst Vračar
100000,2128,47,2,VOJVODE STEPE,Voždovac
80000,1905,42,1,VUKASOVIĆEVA,Kanarevo Brdo
27000,1588,17,0,SVETOG NIKOLE,Gradska Bolnica
179000,3140,57,2,BULEVAR KRALJA ALEKSANDRA,Vukov Spomenik
725400,3900,186,4,DUBLJANSKA,Hram Svetog Save
90000,2000,45,1,PRVOMAJSKA 82,Rogača
58000,1450,40,2,DVORŽAKOVA,Sremčica
350000,4023,87,4,GORNJI GRAD,Zemun
108000,2000,54,2,UGRINOVAČKI PUT 21.DEO,Altina
88000,2000,44,1,UGRINOVAČKI PUT 21.DEO,Altina
88000,1600,55,2,SAVE MRKALJA 3,Borča Greda
530000,4109,129,3,UROŠA MARTINOVIĆA,A Blok - Blok 67a
180000,2951,61,3,CRVENI KRST VRAČAR,Vračar
320000,3441,93,3,VLADIMIRA POPOVICA,Blok 19a
170000,2237,76,2,VOJVODE STEPE,Gornji Voždovac
195000,2566,76,2,MILENTIJA POPOVICA,Blok 19a
125000,2604,48,2,PALMIRA TOLJATIJA,Blok 11c - Stari Merkator
165000,2463,67,2,SVETOZARA PAPIĆA,Galenika
76000,2111,36,1,RUDI CAJAVECA 21,Mirijevo III
59900,2066,29,1,JANKA MIŠIĆA,Bele Vode
125000,2083,60,2,KAPETANA MILOŠA ŽUNJIĆA,Mirijevo
197370,2704,73,3,PREŠEVSKA,Đeram
175000,2059,85,3,KARLOVAČKA,Meandri
410000,3361,122,4,SVETOZARA MARKOVIĆA,Cvetni Trg
310000,3131,99,4,BULEVAR ZORANA ĐINĐIĆA,Blok 30
60000,2000,30,1,GRGE ANDRIJANOVIĆA 4. DEO,Krnjača
306000,4310,71,2,JURIJA GAGARINA,A Blok - Blok 67a
360000,4186,86,3,HILANDARSKA,Kopitareva Gradina
270000,4286,63,3,VISOKOG STEVANA,Donji Dorćol
225000,2446,92,3,VOJVODE STEPE,Gornji Voždovac
240000,3243,74,3,ZRMANJSKA,Banovo Brdo
235000,3092,76,4,ŠUMATOVAČKA,Južni Bulevar
143000,1702,84,3,CRVENIH HRASTOVA,Cerak Vinogradi
150000,2679,56,2,BULEVAR KRALJA ALEKSANDRA,Pravni fakultet - Vračar
309000,3593,86,3,BALKANSKA,Centar
232000,4000,58,2,SVETOZARA MARKOVIĆA,Krunski Venac
236900,2925,81,3,NEDE SPASOJEVIĆ,Bežanijska kosa
340000,3542,96,3,KARNEGIJEVA,Tašmajdan
119000,1506,79,3,ŠEJKINA,Mirijevo
94600,2200,43,2,ŽARKOVO,Čukarica
91840,1640,56,3,DRAGOSLAVA SREJOVIĆA,Mirijevo
99750,1750,57,2,BORSKA,Kanarevo Brdo
144900,2415,60,2,BULEVAR KRALJA ALEKSANDRA,Lion
172500,2828,61,2,DUŠANOVAC,Voždovac opština
327000,3988,82,3,HRAM SVETOG SAVE,Neimar
141000,2169,65,2,DUŠANA VUKASOVIĆA,Blok 62
85000,1700,50,2,MRAKOVIČKA,Petlovo Brdo
144000,2250,64,2,JURIJA GAGARINA,Blok 45
115000,2738,42,2,GORNJI GRAD,Zemun
151000,2323,65,2,PRVE PRUGE,Hotel YU
128100,2100,61,3,ŠEVINA,Gornji Grad
30000,2000,15,0,SAVE MALEŠEVIĆA,Borča III
275000,2218,124,4,VOJVODE STEPE,Voždovac
125400,2200,57,2,MIRIJEVSKI BULEVAR,Mirijevo
417000,3897,107,5,SINĐELIĆEVA,Kalenić
135000,2328,58,2,MIĆA RADAKOVIĆA,Sava Kovačević
172800,2400,72,3,JURIJA GAGARINA,Blok 61
120000,2000,60,2,MIĆA RADAKOVIĆA,Sava Kovačević
114840,1980,58,2,LEDINE,Novi Beograd
650000,5702,114,3,A BLOK - BLOK 67A,Novi Beograd
325000,3779,86,3,ANTIFAŠISTIČKE BORBE,Blok 25 - Arena
120000,1333,90,3,RADOVANA SIMIĆA-CIGE,Medaković 2
275000,2331,118,4,VOJVODE STEPE,Voždovac
160832,3217,50,2,TOME MAKSIMOVIĆA,Crveni Krst Vračar
345000,2300,150,3,VOJVODE STEPE,Voždovac
228000,3000,76,3,GROČANSKA,Crveni Krst Vračar
213000,3000,71,3,GROČANSKA,Crveni Krst Vračar
156000,4000,39,1,DUNAVSKI KEJ,Donji Dorćol
230000,2706,85,3,VOJVODE MICKA KRSTIĆA,Karaburma
157500,2250,70,3,BGD,Karađorđev park
240000,2963,81,3,BGD,Paviljoni
99000,1941,51,2,BGD,Mirijevo
50000,2174,23,0,KNEZEVACKA,Kneževac
105000,2100,50,2,MIODRAGA MIJOVIĆA KANTA,Mirijevo
1200000,4706,255,4,STOJANA PROTIĆA,Hram Svetog Save
170000,3036,56,2,MOZEROVA,Kalvarija
280000,4828,58,2,NUŠIĆEVA,Beograd centar
98000,1225,80,3,LEPOSAVE VUJOŠEVIĆ,Bele Vode
279000,3282,85,3,CARA UROŠA,Gornji Dorćol
245000,3063,80,3,MAKSIMA GORKOG,Čubura
215000,3308,65,3,NEZNANOG JUNAKA,Dedinje
159000,2208,72,2,PARISKE KOMUNE,Blok 1 - Fontana
42000,1000,42,1,STEVANA FILIPOVIĆA,Železnik
1550000,3827,405,4,MUTAPOVA,Hram Svetog Save
120000,1967,61,2,SAVA BURIĆA,Sava Kovačević
189000,2779,68,2,DR IVANA RIBARA,Blok 71
245000,3500,70,3,BORE MARKOVIĆA,Banovo Brdo
230000,3538,65,3,GOSPODARA VUČIĆA,Južni Bulevar
71900,1798,40,1,MOME STANOJLOVIĆA,Vidikovačka Padina
152000,2203,69,2,BULEVAR ARSENIJA ČARNOJEVIĆA,Blok 37
167000,2386,70,3,GOSPODARA VUČIĆA,Autokomanda
101200,2300,44,1,MIS IRBIJEVA,Učiteljsko Naselje
429000,4086,105,3,VLAJKOVIĆEVA,Skupština
63000,984,64,3,STRAHINJIĆA BANA,Mladenovac centar
155000,1824,85,4,DRAGANA LUKIĆA,Višnjička Banja
154000,2333,66,4,PEĐE MILOSAVLJEVIĆA,Bežanijska kosa 2
195000,2786,70,2,KOSTE ABRAŠEVIĆA,Cvetkova Pijaca
152000,2111,72,3,NEMANJINA,Zemun - Centar
125000,2083,60,2,BRACE JERKOVIC,Braće Jerković
99000,2357,42,2,MATICE SRPSKE,Mirijevo
125000,4167,30,0,GORNJI DORĆOL,Dorćol
200000,2198,91,3,PERE VELIMIROVIĆA,Stari Košutnjak
110000,2000,55,2,MIRKA MILOJKOVIĆA,Višnjička Banja
231000,3000,77,2,MITROPOLITA PETRA,Bogoslovija
700000,5385,130,4,PARISKA,Knez Mihailova
400000,4000,100,4,NUŠIĆEVA,Terazije
265000,3841,69,3,BULEVAR OSLOBOĐENJA,FON - Voždovac
150000,2239,67,2,SVETOZARA PAPIĆA,Galenika
78707,1431,55,2,TOPOLICE,Obrenovac
650000,4063,160,5,TOPLIČIN VENAC,Topličin Venac
295000,2950,100,4,RESAVSKA,Slavija
170000,2833,60,2,IZVORSKA,Golf Naselje
85000,1417,60,3,LAZARA TRIFUNOVIĆA,Mirijevo
79500,2038,39,1,MIRIJEVSKI VENAC,Mirijevo
172129,1434,120,4,TOPOLICE,Obrenovac
429000,4086,105,3,VLAJKOVIĆEVA,Skupština
63000,984,64,3,STRAHINJIĆA BANA,Mladenovac centar
155000,1824,85,4,DRAGANA LUKIĆA,Višnjička Banja
154000,2333,66,4,PEĐE MILOSAVLJEVIĆA,Bežanijska kosa 2
195000,2786,70,2,KOSTE ABRAŠEVIĆA,Cvetkova Pijaca
152000,2111,72,3,NEMANJINA,Zemun - Centar
125000,2083,60,2,BRACE JERKOVIC,Braće Jerković
99000,2357,42,2,MATICE SRPSKE,Mirijevo
125000,4167,30,0,GORNJI DORĆOL,Dorćol
200000,2198,91,3,PERE VELIMIROVIĆA,Stari Košutnjak
110000,2000,55,2,MIRKA MILOJKOVIĆA,Višnjička Banja
231000,3000,77,2,MITROPOLITA PETRA,Bogoslovija
700000,5385,130,4,PARISKA,Knez Mihailova
400000,4000,100,4,NUŠIĆEVA,Terazije
265000,3841,69,3,BULEVAR OSLOBOĐENJA,FON - Voždovac
150000,2239,67,2,SVETOZARA PAPIĆA,Galenika
78707,1431,55,2,TOPOLICE,Obrenovac
173000,2662,65,2,PEĐE MILOSAVLJEVIĆA,Bežanijska kosa 1
620000,2067,300,4,KNEZA VIŠESLAVA,Vidikovac
265000,2500,106,3,GANDIJEVA,Blok 44 TC Piramida
150000,2679,56,2,BULEVAR KRALJA ALEKSANDRA,Pravni fakultet - Vračar
95000,2714,35,1,DIMITRIJA TUCOVIĆA,Vukov Spomenik
102000,2267,45,1,SRĐANA ALEKSIĆA,Bežanijska kosa 3
135000,2250,60,2,MARINE VELIČKOVIĆ,Žarkovo
94000,2000,47,1,ŠEVARICE,Mirijevo
155550,2550,61,3,BANOVO BRDO,Čukarica
173400,2550,68,3,BANOVO BRDO,Čukarica
120000,2553,47,1,BANOVO BRDO,Čukarica
124000,4133,30,1,STRAHINJIĆA BANA,Skadarlija
170000,1491,114,4,AVALSKOG VENCA,Jajinci
93500,1612,58,3,FRANCA JANKEA,Mirijevo
165000,3000,55,2,MAKSIMA GORKOG,Južni Bulevar
198000,3046,65,2,DŽONA KENEDIJA,Hotel YU
236900,2632,90,3,NEDE SPASOJEVIĆ,Bežanijska kosa 3
130000,1970,66,3,JAKOVA GALUSA,Jajinci
120000,2857,42,1,DR IVANA RIBARA,Blok 45
144900,2264,64,3,KOČE KAPETANA,Krunski Venac
173400,2550,68,3,BANOVO BRDO,Čukarica
120000,2553,47,1,BANOVO BRDO,Čukarica
124000,4133,30,1,STRAHINJIĆA BANA,Skadarlija
170000,1491,114,4,AVALSKOG VENCA,Jajinci
93500,1612,58,3,FRANCA JANKEA,Mirijevo
165000,3000,55,2,MAKSIMA GORKOG,Južni Bulevar
198000,3046,65,2,DŽONA KENEDIJA,Hotel YU
236900,2632,90,3,NEDE SPASOJEVIĆ,Bežanijska kosa 3
130000,1970,66,3,JAKOVA GALUSA,Jajinci
120000,2857,42,1,DR IVANA RIBARA,Blok 45
144900,2264,64,3,KOČE KAPETANA,Krunski Venac
81700,2043,40,1,MIRIJEVSKI VENAC,Mirijevo
234000,3205,73,3,JURIJA GAGARINA,Blok 63
285000,4318,66,2,NJEGOŠEVA,Kalenić
858000,6000,143,4,BRANIČEVSKA,Hram Svetog Save
98098,1443,68,3,TOPOLICE,Obrenovac
90496,1436,63,3,TOPOLICE,Obrenovac
152566,1439,106,4,TOPOLICE,Obrenovac
127999,1829,70,3,KRALJEVAČKA,Voždovac
110000,2000,55,2,MIRKA MILOJKOVIĆA,Višnjička Banja
231000,3000,77,2,MITROPOLITA PETRA,Bogoslovija
700000,5385,130,4,PARISKA,Knez Mihailova
400000,4000,100,4,NUŠIĆEVA,Terazije
265000,3841,69,3,BULEVAR OSLOBOĐENJA,FON - Voždovac
150000,2239,67,2,SVETOZARA PAPIĆA,Galenika
78707,1431,55,2,TOPOLICE,Obrenovac
650000,4063,160,5,TOPLIČIN VENAC,Topličin Venac
295000,2950,100,4,RESAVSKA,Slavija
170000,2833,60,2,IZVORSKA,Golf Naselje
400000,4000,100,3,RESAVSKA,Vračar
124000,2340,53,2,MARKA OREŠKOVIĆA,Bulbulder
250000,3333,75,3,CARA UROŠA,Dorćol
106000,3118,34,1,DALMATINSKA,Vukov Spomenik
300000,3000,100,4,CARA NIKOLAJA II,Čubura
713700,3900,183,4,MIODRAGA GAVRILOVIĆA,Dorćol
89900,2140,42,1,TREBINJSKA,Lekino Brdo
119000,3306,36,2,ĐORĐA KRATOVCA,Lekino Brdo
241620,2626,92,3,MILETE JAKŠIĆA,Bulbulder
67650,1650,41,1,KUČAJSKA,Kotež
295000,2950,100,4,RESAVSKA,Slavija
170000,2833,60,2,IZVORSKA,Golf Naselje
400000,4000,100,3,RESAVSKA,Vračar
124000,2340,53,2,MARKA OREŠKOVIĆA,Bulbulder
250000,3333,75,3,CARA UROŠA,Dorćol
106000,3118,34,1,DALMATINSKA,Vukov Spomenik
300000,3000,100,4,CARA NIKOLAJA II,Čubura
713700,3900,183,4,MIODRAGA GAVRILOVIĆA,Dorćol
89900,2140,42,1,TREBINJSKA,Lekino Brdo
119000,3306,36,2,ĐORĐA KRATOVCA,Lekino Brdo
241620,2626,92,3,MILETE JAKŠIĆA,Bulbulder
67650,1650,41,1,KUČAJSKA,Kotež
84000,2000,42,1,SRETENA MLADENOVIĆA MIKE,Vidikovac
70599,1441,49,2,TOPOLICE,Obrenovac
78292,1450,54,2,TOPOLICE,Obrenovac
137000,1986,69,2,MIRIJEVSKI VENAC,Mirijevo
129000,3146,41,1,BULEVAR DESPOTA STEFANA,Beograd centar
54600,1300,42,1,BEČMEN,Surčin opština
240000,3582,67,3,GOSPODAR JEVREMOVA,Gornji Dorćol
1446888,6990,207,4,HERCEGOVAČKA,Beograd na vodi
224400,3206,70,2,BULEVAR DESPOTA STEFANA,Skadarlija
145000,3222,45,1,BULEVAR DESPOTA STEFANA,Skadarlija
390000,2241,174,3,VOŽDOVAC,Voždovac opština
117390,1290,91,5,MIRIJEVSKA,Kaluđerica
179000,2521,71,4,LION,Zvezdara opština
165000,2324,71,3,BRAČE JERKOVIĆ,Braće Jerković
650000,4221,154,5,TOPLIČIN VENAC,Topličin Venac
230000,2949,78,4,DONJI DORĆOL,Dorćol
100000,1786,56,2,KARABURMA,Palilula opština
163000,2587,63,2,JURIJA GAGARINA,Blok 61
375000,3750,100,4,MILANA TANKOSIĆA,Hadžipopovac
50000,833,60,2,MLADENOVAC CENTAR,Mladenovac opština
95000,2639,36,1,KNEZA VIŠESLAVA,Vidikovac
429200,3700,116,4,ĐORĐA STANOJEVIĆA,Blok 65 - WEST 65
160000,1905,84,4,PODMORNIČARA ĐORĐA MITROVIĆA,Mirijevo
122000,1743,70,3,DRAGANA LUKIĆA,Višnjička Banja
125000,1953,64,2,MIRIJEVSKI VENAC,Mirijevo
168000,2240,75,2,DR IVANA RIBARA,Blok 62
111500,2788,40,1,BULEVAR ARSENIJA ČARNOJEVIĆA,Blok 33 - Geneks
299999,2000,150,5,ULCINJSKA,Crveni Krst
245000,2849,86,3,LUJA ADAMIČA,Blok 11c - Stari Merkator
95000,2111,45,1,PROLECNA,Kumodraž
110000,2157,51,2,VLASICKA,Karaburma
58988,1513,39,2,PARTIZANSKI BLOK,Krnjača
590000,1422,415,4,CERSKA,Južni Bulevar
89000,1648,54,2,OMLADINSKO ŠETALIŠTE,Petlovo Brdo
128000,2612,49,2,ŠEVINA,Gornji Grad
195000,2031,96,3,DOSITEJEVA,Dorćol
70000,1667,42,2,MIHAJLA VUJIĆA,Višnjička Banja
700000,4828,145,4,DUNAVSKA,Donji Dorćol
134000,957,140,6,MILORADA DRAŠKOVIĆA,Petlovo Brdo
164888,5319,31,1,HERCEGOVAČKA,Beograd na vodi
164888,5319,31,1,HERCEGOVAČKA,Beograd na vodi
164888,5153,32,1,HERCEGOVAČKA,Beograd na vodi
166888,5383,31,1,HERCEGOVAČKA,Beograd na vodi
380000,3486,109,4,KATANICEVA,Hram Svetog Save
115500,2625,44,1,VLADIMIRA RADOVANOVIĆA,Banovo Brdo
121500,1500,81,3,MEŠE SELIMOVIĆA,Mirijevo III
115000,3833,30,1,DJUSINA,Tašmajdan
130000,3095,42,1,KIJEVSKA,Banovo Brdo
86000,2150,40,1,PETRA ŠKUNDRIĆA,Učiteljsko Naselje
210000,3043,69,2,BULEVAR ZORANA ĐINĐIĆA,Blok 30
47000,855,55,3,20 OKTOBRA,Barajevo
220000,5946,37,2,KRALJA PETRA,Beograd centar
306000,4026,76,2,SVETOG SAVE,Hram Svetog Save
195000,2671,73,2,MILENTIJA POPOVIĆA,Blok 19a
135000,2596,52,2,BULEVAR ZORANA ĐINĐIĆA,Blok 4
265000,2732,97,3,MLAVSKA,Kluz
169900,2360,72,2,BULEVAR ARSENIJA ČARNOJEVIĆA,Blok 33 - Geneks
595000,3051,195,4,MIĆE ORLOVIĆA,Dedinje
158900,1962,81,3,MILANA VUJAKLIJE,Bežanijska kosa
170000,1560,109,3,CRNOTRAVSKA,Banjica
205000,3534,58,2,GOSPODARA VUČIĆA,Južni Bulevar
238500,2981,80,3,VOJVODE STEPE,Voždovac
160000,2667,60,2,MILEŠEVSKA,Kalenić
89900,2809,32,1,TREBINJSKA,Lekino Brdo
160000,2286,70,2,BULEVAR DESPOTA STEFANA,Palilula
1750000,7085,247,5,SMETANINA,Dedinje
90000,2093,43,2,MITROVDANSKA,Braće Jerković
245000,2849,86,3,LUJA ADAMIČA,Blok 11c - Stari Merkator
158900,1962,81,3,MILANA VUJAKLIJE,Bežanijska kosa
170000,1560,109,3,CRNOTRAVSKA,Banjica
205000,3534,58,2,GOSPODARA VUČIĆA,Južni Bulevar
238500,2981,80,3,VOJVODE STEPE,Voždovac
160000,2667,60,2,MILEŠEVSKA,Kalenić
89900,2809,32,1,TREBINJSKA,Lekino Brdo
160000,2286,70,2,BULEVAR DESPOTA STEFANA,Palilula
1750000,7085,247,5,SMETANINA,Dedinje
90000,2093,43,2,MITROVDANSKA,Braće Jerković
245000,2849,86,3,LUJA ADAMIČA,Blok 11c - Stari Merkator
95000,2111,45,1,PROLECNA,Kumodraž
110000,2157,51,2,VLASICKA,Karaburma
58988,1513,39,2,PARTIZANSKI BLOK,Krnjača
590000,1422,415,4,CERSKA,Južni Bulevar
89000,1648,54,2,OMLADINSKO ŠETALIŠTE,Petlovo Brdo
128000,2612,49,2,ŠEVINA,Gornji Grad
195000,2031,96,3,DOSITEJEVA,Dorćol
70000,1667,42,2,MIHAJLA VUJIĆA,Višnjička Banja
700000,4828,145,4,DUNAVSKA,Donji Dorćol
134000,957,140,6,MILORADA DRAŠKOVIĆA,Petlovo Brdo
84500,2561,33,1,DR ZORE ILIĆ OBRADOVIĆ,Konjarnik
255000,3036,84,3,GENERALA VLADIMIRA KONDIĆA,Stepa Stepanović
119000,1776,67,3,DRAGOSLAVA SREJOVIĆA,Bogoslovija
120000,2308,52,2,DR ZORE ILIĆ OBRADOVIĆ,Konjarnik
320000,4000,80,3,JOVE ILIĆA,Voždovac
190000,3333,57,2,TOŠIN BUNAR,Novi Beograd
178000,2119,84,3,CRNOTRAVSKA,Banjica
210000,1875,112,4,VELJKA DUGOŠEVIĆA,Zvezdarska Šuma
94000,2238,42,1,LUKE VOJVODIĆA,Skojevsko Naselje
197000,3717,53,2,PETRA MARTINOVIĆA,Golf Naselje
79000,2394,33,1,KAMENOGORSKA,Olimp
109000,1946,56,2,ZORINA,Žarkovo
149900,3123,48,2,VOJVOĐANSKA,Blok 63
169900,2462,69,2,BULEVAR ARSENIJA ČARNOJEVIĆA,Blok 37
181400,2668,68,3,BANOVO BRDO,Čukarica
350000,3465,101,2,BANOVO BRDO,Čukarica
368000,4600,80,3,BEOGRAD NA VODI,Savski Venac
315000,4500,70,3,BEOGRAD NA VODI,Savski Venac
765888,3497,219,5,BEOGRAD NA VODI,Savski Venac
428888,6041,71,2,BEOGRAD NA VODI,Savski Venac
133000,1330,100,3,ŽARKA BOKUNA,Batajnica
210000,3043,69,2,BULEVAR ZORANA ĐINĐIĆA,Blok 30
60000,1333,45,2,SARE BERNAR,Sremčica
84500,2561,33,1,DR ZORE ILIĆ OBRADOVIĆ,Konjarnik
255000,3036,84,3,GENERALA VLADIMIRA KONDIĆA,Stepa Stepanović
119000,1776,67,3,DRAGOSLAVA SREJOVIĆA,Bogoslovija
120000,2308,52,2,DR ZORE ILIĆ OBRADOVIĆ,Konjarnik
320000,4000,80,3,JOVE ILIĆA,Voždovac
190000,3333,57,2,TOŠIN BUNAR,Novi Beograd
178000,2119,84,3,CRNOTRAVSKA,Banjica
210000,1875,112,4,VELJKA DUGOŠEVIĆA,Zvezdarska Šuma
94000,2238,42,1,LUKE VOJVODIĆA,Skojevsko Naselje
197000,3717,53,2,PETRA MARTINOVIĆA,Golf Naselje
79000,2394,33,1,KAMENOGORSKA,Olimp
109000,1946,56,2,ZORINA,Žarkovo
149900,3123,48,2,VOJVOĐANSKA,Blok 63
169900,2462,69,2,BULEVAR ARSENIJA ČARNOJEVIĆA,Blok 37
181400,2668,68,3,BANOVO BRDO,Čukarica
350000,3465,101,2,BANOVO BRDO,Čukarica
368000,4600,80,3,BEOGRAD NA VODI,Savski Venac
315000,4500,70,3,BEOGRAD NA VODI,Savski Venac
765888,3497,219,5,BEOGRAD NA VODI,Savski Venac
428888,6041,71,2,BEOGRAD NA VODI,Savski Venac
127500,2361,54,1,DR IVANA RIBARA,Blok 72
197000,2985,66,3,DOBROPOLJSKA,Autokomanda
160000,2388,67,2,VUKASOVICEVA,Kanarevo Brdo
80000,1905,42,1,NIKOLE MARAKOVICA,Miljakovac
67000,1000,67,1,STERIJINA,Ledine
520000,3467,150,4,HILANDARSKA,Kopitareva Gradina
100000,2000,50,2,PRIBOJSKA,Stara Karaburma
160000,3478,46,2,FRANCUSKA,Gornji Dorćol
85000,1977,43,2,ŽARKA VASILJEVIĆA,Železnik
229900,2673,86,3,BANOVO BRDO,Čukarica
162100,2702,60,3,BANOVO BRDO,Čukarica
165100,2752,60,3,BANOVO BRDO,Čukarica
171100,2852,60,2,BANOVO BRDO,Čukarica
336800,2552,132,4,BANOVO BRDO,Čukarica
342500,2500,137,4,BANOVO BRDO,Čukarica
159900,2665,60,3,BANOVO BRDO,Čukarica
169900,2880,59,2,BANOVO BRDO,Čukarica
175600,2661,66,3,BANOVO BRDO,Čukarica
161000,2683,60,3,BANOVO BRDO,Čukarica
1750,33,53,2,CVETANOVA ĆUPRIJA,Zvezdara opština
128000,2612,49,3,ŠEVINA,Novi Grad
250000,2000,125,3,DOSTOJEVSKOG,Banovo Brdo
125000,2500,50,1,DR IVANA RIBARA,Blok 71
64000,1829,35,1,BOGDANA ŽERAJIĆA,Miljakovac I
165000,2463,67,2,SVETOZARA PAPIĆA,Galenika
115000,2556,45,3,ZAGORSKA,Meandri
199900,3332,60,1,JURIJA GAGARINA,Blok 70
167000,2386,70,3,GOSPODARA VUČIĆA,Autokomanda
175000,3977,44,1,CERSKA,Čubura
600000,4225,142,4,TUNISKA,Golf Naselje
140000,2029,69,3,ISMETA MUJEZINOVIĆA,Bežanijska kosa 2
140000,2692,52,2,VARVARINSKA,Lekino Brdo
92000,1373,67,2,JELEZOVAČKA,Resnik
80000,2963,27,1,VLADETINA,Tašmajdan
43000,1387,31,1,KULINA BANA,Lion
163500,1924,85,3,MATICE SRPSKE,Mirijevo
153000,2155,71,2,JURIJA GAGARINA,Blok 62
280888,3305,85,3,HERCEGOVAČKA,Beograd na vodi
704888,6183,114,3,BELGRADE WATERFRONT - BW PERLA,Beograd na vodi
315000,3088,102,4,GROCANSKA,Crveni Krst Vračar
185010,2984,62,2,MILISAVA DJUROVICA,Voždovac
176640,2994,59,3,MILISAVA DJUROVICA,Voždovac
147210,3004,49,2,MILISAVA DJUROVICA,Voždovac
128000,2032,63,2,VIDIKOVAČKI VENAC,Vidikovac
210000,2165,97,3,BULEVAR DESPOTA STEFANA,Beograd centar
98000,2513,39,1,RUDO,Konjarnik
88000,1492,59,2,MOMČILA ČEDIĆA,Bele Vode
140000,1373,102,4,PARTIZANSKE VODE,Cerak
85000,1932,44,2,VOJVODE VLAHOVIĆA,Voždovac opština
187000,2200,85,3,DR IVANA RIBARA,Blok 71
61000,1298,47,2,MATROZOVA,Batajnica
75000,2885,26,0,KUMODRAŽ,Voždovac opština
610000,4357,140,5,TUNISKA,Golf Naselje
500000,3401,147,4,TUNISKA,Golf Naselje
360000,4000,90,2,NJEGOŠEVA,Kalenić
139500,2214,63,3,ISMETA MUJEZINOVIĆA,Bežanijska kosa 2
172500,2695,64,3,VOJISLAVA ILIĆA,Učiteljsko Naselje
189500,1541,123,3,VOJVODE STEPE,Voždovačka crkva
181400,2668,68,3,BANOVO BRDO,Čukarica
115000,2018,57,2,MILIĆA RAKIĆA,Konjarnik
349500,3297,106,4,ČELOPEČKA,Vukov Spomenik
105000,1944,54,2,HUSINSKIH RUDARA,Karaburma
124000,2583,48,2,SLOBODANA LALE BERBERSKOG,Konjarnik
237000,3203,74,3,VOJVODE HRVOJA,Južni Bulevar
70000,886,79,3,MLADENOVAC CENTAR,Mladenovac opština
165000,2230,74,3,RATKA MITROVIĆA,Filmski Grad
140000,2917,48,2,VARVARINSKA,Lekino Brdo
144570,3012,48,2,PREŠEVSKA,Đeram
195183,2711,72,3,PREŠEVSKA,Đeram
520000,5532,94,3,OMLADINSKIH BRIGADA,Blok 65 - WEST 65
65000,2241,29,1,KISELA VODA,Kluz
135000,3068,44,1,JOVANA AVAKUMOVIĆA,Beograd centar
129000,1792,72,3,JOVANKE RADAKOVIĆ,Staro Mirijevo
98500,2662,37,1,CARA DUŠANA 119B,Gornji Grad
119000,1750,68,3,KAPETANA MILOŠA ŽUNJIĆA,Mirijevo
135000,2143,63,3,ISMETA MUJEZINOVIĆA,Bežanijska kosa 2
180000,3333,54,2,DUNAVSKI KEJ,Donji Dorćol
258000,2932,88,3,DŽONA KENEDIJA,Retenzija
274000,3703,74,3,MILEŠEVSKA,Istočni Vračar
185000,2284,81,3,VOJVODE VLAHOVICA,Vojvode Vlahovića
158000,3292,48,2,BLAGOJA PAROVICA,Banovo Brdo
97200,2700,36,1,VOJISLAVA ILIĆA,Učiteljsko Naselje
94000,2474,38,1,HERCEGOVAČKA,Novi Grad
123000,3727,33,0,DRAGOSLAVA SREJOVIĆA,Palilula
110000,2895,38,1,BULEVAR ZORANA ĐINĐIĆA,Blok 1 - Fontana
239000,2516,95,4,BOŽE JANKOVIĆA,Autokomanda
205000,3361,61,2,GOSPODARA VUČIĆA,Južni Bulevar
325000,3009,108,4,KNEZA VIŠESLAVA,Filmski Grad
110000,2075,53,3,VOJVODE VLAHOVIĆA,Voždovac opština
280000,3043,92,4,DOBANOVAČKA,Gornji Grad
220000,2178,101,3,POŽEŠKA,Banovo Brdo
125000,1894,66,2,MILIĆA OD MAČVE,Mirijevo
99000,2357,42,1,MATICE SRPSKE,Mirijevo
149000,2759,54,2,RADOJA DOMANOVIĆA,Lion
185000,2176,85,3,DR IVANA RIBARA,Dr Ivan Ribar
1750000,7085,247,5,PINK,Dedinje
63000,926,68,3,JANKA JANKOVIĆA,Jajinci
149000,2980,50,2,STERIJINA,Profesorska Kolonija
125000,2119,59,3,VELIKOMORAVSKA,Denkova Bašta
222000,2467,90,3,GUNDULIĆEV VENAC,Gundulićev Venac
205000,3534,58,2,GOSPODARA VUČIĆA,Južni Bulevar
151200,2700,56,3,BGD,Lekino Brdo
725400,3900,186,4,DUBLJANSKA,Hram Svetog Save
153000,2550,60,3,OLGE ALKALAJ,Konjarnik
120000,2143,56,2,DR ZORE ILIC OBRADOVIC,Konjarnik
160000,3077,52,2,LEKINO BRDO,Voždovac opština
230000,2473,93,4,METOHIJSKA,Crveni Krst Vračar
120000,3243,37,1,LJUBLJANSKA,Bulbulder
190000,2159,88,3,MEDAKOVIĆ 3,Medaković
465000,3941,118,4,SVETOG SAVE,Hram Svetog Save
550000,2301,239,6,PREGREVICA,Zemun
180000,1935,93,3,STOJANA STOLETA ARANĐELOVIĆA,Višnjička Banja
250000,1366,183,5,RATKA MITROVICA,Žarkovo
125000,1894,66,3,VITEZOVA KARAĐORĐEVE ZVEZDE,Mirijevo
196000,3063,64,2,VOJVODE STEPE,Autokomanda
192000,2043,94,5,IVANA SARICA,Mirijevo
89700,3900,23,1,CARA DUŠANA,Donji Dorćol
128000,2032,63,2,TEODORA MIRIJEVSKOG,Mirijevo
120000,1101,109,4,RASTKA PETROVICA,Medaković
92000,2044,45,2,SRETENA MLADENOVIĆA MIKE,Labudovo Brdo
149000,1419,105,4,MEŠE SELIMOVIĆA,Mirijevo
214900,3207,67,2,KNEZA MILOŠA,Beograđanka
145000,2900,50,2,BULEVAR KRALJA ALEKSANDRA,Konjarnik
376000,4322,87,3,BEOGRAD NA VODI,Savski Venac
299000,2282,131,4,MARKA ČELEBONOVIĆA,Bežanijska kosa 2
375000,3750,100,4,PRERADOVIĆEVA,Hadžipopovac
129900,4330,30,1,STRAHINJIĆA BANA,Skadarlija
220000,2785,79,3,SOLUNSKA,Dorćol
77000,1674,46,2,MATICE SRPSKE,Mirijevo
239000,2747,87,4,BOŽE JANKOVIĆA,Autokomanda
250000,2976,84,4,KARABURMA,Palilula opština
96250,1750,55,2,SURČINSKI PUT,Ledine
215000,2471,87,3,BULEVAR DESPOTA STEFANA,Cvijićeva
125000,1645,76,3,BRAĆE JERKOVIĆ,Voždovac opština
90000,1500,60,2,MILANA UZELCA,Zemun
125000,2083,60,2,MATICE SRPSKE,Mirijevo II
137900,1839,75,3,SENJANINA IVE,Donji Dorćol
137900,1839,75,3,SENJANINA IVE,Donji Dorćol
179000,2295,78,3,ČARDAKLIJINA,Cvetkova Pijaca
125000,1953,64,2,OLGE ALKALAJ,Konjarnik I
212000,4818,44,2,KAPETANA RADIČA PETROVIĆA,Retenzija
71877,1307,55,2,BEČMEN,Surčin opština
650000,4063,160,1,TOPLIČIN VENAC,Topličin Venac
180000,1463,123,3,DRINSKA,Novi Grad
320000,1245,257,7,DRAŽE PAVLOVIĆA,Botanička Bašta
725000,5370,135,4,ĐURE JAKŠIĆA,Beograd centar
570000,3353,170,5,CARA LAZARA,Beograd centar
72000,1412,51,2,BRAĆE KRNJEŠEVAC,Zemun Polje
192000,2595,74,3,NARODNIH HEROJA,Blok 33 - Geneks
78000,2600,30,1,DRAGICE KONČAR,Braće Jerković
380000,3619,105,3,VRAČAR,Beograd
56251,1308,43,2,BEČMEN,Surčin opština
172000,2915,59,2,OMLADINSKIH BRIGADA,Blok 31 - Opština
71526,1300,55,3,BEČMEN,Surčin opština
237000,2257,105,4,PERE VELIMIROVIĆA,Stari Košutnjak
240000,3429,70,3,ZAHUMSKA,Vukov Spomenik
54665,1302,42,2,BEČMEN,Surčin opština
105000,2100,50,2,MIRIJEVO,Zvezdara opština
109000,3028,36,1,VOŽDOVAC,Voždovac opština
79900,2421,33,1,RADOVANA SIMICA CIGE,Medaković 2
118636,2373,50,2,UGRINOVAČKA,Gornji Grad
107500,1955,55,2,STEVANA DUKIĆA,Karaburma
96000,1959,49,2,VINOGRAFSKI VENAC,Cerak Vinogradi
85000,1932,44,2,MATE MILOŠEVIĆA,Vojvode Vlahovića
270000,3176,85,2,KNEZA VIŠESLAVA,Filmski Grad
85000,1545,55,2,KOSTE JOSIPOVIĆA,Krnjača
300000,3488,86,3,SOKOLSKA,Hram Svetog Save
75000,1974,38,1,DOBRIVOJA PETKOVIĆA,Petlovo Brdo
250000,1250,200,4,HOTEL YU,Novi Beograd
141000,2712,52,2,MILANA RAKICA,Olimp
230000,3594,64,2,KNEZA MILOŠA 54,Kneza Miloša
96600,2300,42,3,HERCEGOVAČKA,Gornji Grad
124000,2067,60,2,BRAĆE JERKOVIĆ,Voždovac opština
99500,2618,38,1,DRAŽE PAVLOVIĆA,Profesorska Kolonija
58800,1200,49,2,MLADENOVAC CENTAR,Mladenovac opština
169900,2462,69,3,GANDIJEVA,Blok 63
56000,1000,56,2,MLADENOVAC CENTAR,Mladenovac opština
230000,3594,64,2,KNEZA MILOŠA 54,Kneza Miloša
96600,2300,42,3,HERCEGOVAČKA,Gornji Grad
124000,2067,60,2,BRAĆE JERKOVIĆ,Voždovac opština
99500,2618,38,1,DRAŽE PAVLOVIĆA,Profesorska Kolonija
58800,1200,49,2,MLADENOVAC CENTAR,Mladenovac opština
169900,2462,69,3,GANDIJEVA,Blok 63
56000,1000,56,2,MLADENOVAC CENTAR,Mladenovac opština
218000,2868,76,3,JURIJA GAGARINA,Blok 64
88000,1725,51,2,MOMČILA ČEDIĆA,Bele Vode
52000,1529,34,1,ĐURE ĐAKOVIĆA,Grocka
179999,2222,81,3,VOJVODE STEPE,Autokomanda
67000,1031,65,3,STERIJINA,Ledine
69000,2760,25,1,VENIZELOSOVA,Dorćol
148000,2426,61,2,DUŠANA VUKASOVIĆA,Blok 61
115000,2674,43,1,VOJVODE STEPE,Voždovac
112000,2872,39,1,POŽEŠKA,Banovo Brdo
310000,2583,120,3,VOJVODE STEPE,FON - Voždovac
57000,2280,25,0,SRNETIČKA,Karaburma
95300,1833,52,2,LEDINE,Novi Beograd
92720,1783,52,2,LEDINE,Novi Beograd
201000,1500,134,4,SVETE MILUTINOVIĆA,Železnik
129000,1573,82,3,SVETE MILUTINOVIĆA,Železnik
110000,2200,50,1,BRACE JERKOVIC 225,Braće Jerković 2
56900,1962,29,1,17. OKTOBRA,Kneževac
119000,3967,30,1,STRAHINJIĆA BANA,Skadarlija
87000,1024,85,3,PORODICE TANIĆ,Sremčica
179000,2355,76,3,BLOK 64,Bežanijski Blokovi
306000,4026,76,3,SVETOG SAVE,Vračar
71000,1614,44,2,VLADIMIRA POGAČIĆA,Ledine
230000,2706,85,3,VOJVODE MICKA KRSTIĆA,Karaburma II
199000,2488,80,3,CVIJIĆEVA,Palilula
280000,2979,94,3,KARAĐORĐEVA,Zeleni Venac
195000,1598,122,5,VINOGRADSKI VENAC,Cerak Vinogradi
174900,2271,77,2,BULEVAR KRALJA ALEKSANDRA,Konjarnik
119000,3719,32,1,BRANKA KRSMANOVIĆA,Đeram
77700,1943,40,1,KAMENOREZAČKA,Zvezdarska Šuma
196000,2800,70,2,ŠUMADIJSKA,Zemunske kapije
115000,1597,72,3,UGRINOVAČKI PUT 22. DEO,Altina
271888,4943,55,2,HERCEGOVAČKA,Beograd na vodi
117000,1625,72,3,PIVA KARAMATIJEVIĆA,Braće Jerković
100000,2041,49,2,KOLONIJA,Banjica
50000,1250,40,1,KALVARIJA,Zemun
170000,2297,74,2,MLADENA MITRIĆA,Čukarička Padina
400000,1980,202,5,PATRISA LUMUMBE,Karaburma
210000,1927,109,5,ŠILEROVA,Gornji Grad
260000,4815,54,3,KOSANČIĆEV VENAC,Kosančićev Venac
115000,1825,63,2,JOVANKE RADAKOVIĆ,Mirijevo
248690,2538,98,4,CVETKOVA PIJACA,Cvetkova Pijaca
245381,2530,97,4,CVETKOVA PIJACA,Cvetkova Pijaca
890000,3853,231,4,KNEZA MILOŠA,Beograđanka
70000,1750,40,1,MLADENA STOJANOVIĆA,Dedinje
298000,3239,92,3,BULEVAR ARSENIJA ČARNOJEVIĆA,Blok 38
199000,1932,103,4,DRAŽE PAVLOVIĆA,Cvijićeva
50000,926,54,3,ĆUSTENDILSKA,Ćalije
139000,3159,44,1,GRČIĆA MILENKA,Crveni Krst Vračar
56000,691,81,3,VUKA KARADŽIĆA,Mladenovac centar
305000,3675,83,3,ŠUMADIJSKA,Zemunske kapije
110000,2895,38,1,BULEVAR ZORANA ĐINĐIĆA,Blok 1 - Fontana
130000,2600,50,2,BRAĆE MILADINOV,Cvetkova Pijaca
205000,3361,61,2,GOSPODARA VUČIĆA,Južni Bulevar
127050,1925,66,1,MAJORA ZORANA RADOSAVLJEVIĆA,Batajnica
145000,2266,64,3,MIODRAGA ŽIVANOVA,Vojvode Vlahovića
110000,1964,56,2,MARIČKA,Rakovica - Centar
100980,1870,54,2,IVANA MILUTINOVIĆA,Borča
57970,1870,31,1,IVANA MILUTINOVIĆA,Borča
110330,1870,59,2,IVANA MILUTINOVIĆA,Borča
697000,6394,109,4,BULEVAR DESPOTA STEFANA,Trg Republike
130000,1512,86,2,GOČKA,Petlovo Brdo
188261,2544,74,3,CVETKOVA PIJACA,Cvetkova Pijaca
133000,2254,59,2,GRGE JANKESA,Mirijevo
111500,2788,40,1,BULEVAR ARSENIJA ČARNOJEVIĆA,Blok 33 - Geneks
175000,2365,74,2,BULEVAR ARSENIJA ČARNOJEVIĆA,Blok 22
76550,1531,50,1,23 SRPSKE UDARNE DIVIZIJE,Jajinci
320000,4103,78,3,BULEVAR ZORANA ĐINĐIĆA,Ušće
71000,2840,25,0,SVETOG NIKOLE,Bulbulder
140000,3415,41,2,ULCINJSKA,Lion
234500,3500,67,3,STRAHINJIĆA BANA,Dorćol
299000,4983,60,2,KOSOVSKA,Skupština
154500,3962,39,0,UROŠA MARTINOVIĆA,A Blok - Blok 67a
55000,1833,30,1,BORSKA,Miljakovac
152000,2868,53,2,BILEĆKA,FON - Voždovac
90000,1452,62,2,BULEVAR PATRIJARHA PAVLA,Stari Košutnjak
138000,1890,73,2,RUDO,Konjarnik
295000,1867,158,4,SREMSKIH BORACA,Meandri
89000,1561,57,2,SLAVKA RODICA,Vidikovačka Padina
149000,3821,39,1,GARIBALDIJEVA,Lekino Brdo
185000,2681,69,2,JOVE ILIĆA,Autokomanda
205000,4184,49,2,GOSPODARA VUČIĆA,Neimar
112000,2545,44,1,CVETKOVA PIJACA,Zvezdara opština
216360,3005,72,3,JUŽNI BULEVAR,Južni Bulevar
82000,1640,50,2,MILORADA MIŠKOVIĆA,Banjica
61000,1245,49,2,MATROZOVA,Batajnica
235000,3561,66,2,DURMITORSKA,Palata Pravde
160000,3200,50,2,VIDSKA,Lekino Brdo
360000,4390,82,3,KALENIĆ,Vračar
125000,1894,66,3,MIRIJEVO,Zvezdara opština
360000,5000,72,2,NJEGOŠEVA,Kalenić
330000,3084,107,3,VRAČAR,Beograd
207000,3569,58,2,KRALJA VUKAŠINA,Senjak
150000,2632,57,2,OLGE ALKALAJ,Konjarnik
207000,3569,58,2,KRALJA VUKAŠINA,Senjak
150000,2632,57,2,OLGE ALKALAJ,Konjarnik
800000,4819,166,6,BULEVAR VUDROA VILSONA,Beograd na vodi
400000,4819,83,3,BULEVAR VUDROA VILSONA,Beograd na vodi
235000,4352,54,2,TADIJE SONDERMAJERA,Blok 65 - WEST 65
202160,2930,69,3,JUŽNI BULEVAR,Južni Bulevar
93540,3017,31,1,JUŽNI BULEVAR,Južni Bulevar
203280,2989,68,3,JUŽNI BULEVAR,Južni Bulevar
219690,3009,73,3,JUŽNI BULEVAR,Južni Bulevar
495000,3837,129,4,NUŠIĆEVA,Skupština
750000,3125,240,4,OMLADINSKA,Dedinje
240000,3000,80,3,ŠUMATOVAČKA,Kalenić
112000,1474,76,2,SVETE MILUTINOVIĆA,Železnik
240000,3243,74,3,POLITIKA,Stari Grad opština
239000,2516,95,4,VOŽDOVAC,Voždovac opština
330000,3976,83,2,KOSOVSKA,Skupština
376000,4322,87,3,HERCEGOVAČKA,Beograd na vodi
430000,6056,71,3,HERCEGOVAČKA,Beograd na vodi
339000,3725,91,3,DESANKE MAKSIMOVIĆ,Krunski Venac
168000,2100,80,3,NIKOLE DOKSATA,Zvezdarska Šuma
90000,2571,35,1,DRAGOSLAVA SREJOVIĆA,Karaburma
100000,1786,56,2,PRIBOJSKA,Bogoslovija
52000,1529,34,1,VUKASOVICEVA,Kanarevo Brdo
135000,1849,73,2,RUDO,Zvezdara opština
264500,2204,120,3,VOJVODE STEPE,Voždovac
61200,1569,39,1,LJUBE TADIĆA,Mirijevo
65000,2708,24,1,TIKVEŠKA,Lekino Brdo
98000,1782,55,2,JURIJA GAGARINA,Blok 45
159000,2304,69,3,ČINGRIJINA,Gradska Bolnica
375000,3099,121,4,ŠUMATOVAČKA,Južni Bulevar
150000,3488,43,2,JURIJA GAGARINA,Blok 70
270000,4154,65,2,KRALJA MILUTINA,Slavija
152400,2540,60,2,BANIJSKA,Gornji Grad
177800,2540,70,3,BANIJSKA,Gornji Grad
109000,1652,66,2,PABLA NERUDE,Karaburma
159000,2208,72,2,PARISKE KOMUNE,Blok 1 - Fontana
198016,3194,62,3,BULBULDER,Zvezdara opština
148962,3310,45,2,BULBULDER,Zvezdara opština
131670,3292,40,2,BULBULDER,Zvezdara opština
112000,2872,39,1,DRUGE SRPSKE ARMIJE,Stepa Stepanović
79900,1598,50,2,MATIČANSKA,Mirijevo
149000,2443,61,3,DIMITRIJA TUCOVIĆA,Gradska Bolnica
118000,1967,60,2,PREDRAGA VASIĆA,Mirijevo
146653,2365,62,2,PAJE JOVANOVIĆA,Učiteljsko Naselje
129000,2345,55,2,UGRINOVACKI PUT 13. DEO,Altina
149000,3725,40,2,GORNJI DORĆOL,Dorćol
378000,3150,120,3,ZRMANJSKA,Banovo Brdo
169000,2253,75,2,BULEVAR UMETNOSTI,Blok 32
58000,1526,38,1,ŽELEZNIK,Čukarica
90000,1765,51,2,BELE BARTOKA,Borča II
99000,1650,60,1,DESKAŠEVA 16,Olimp
127000,3256,39,0,MIHAILA AVRAMOVIĆA,Dedinje
120000,2222,54,1,BULEVAR PEKA DAPČEVIĆA,Kumodraž
199000,2117,94,5,IVANA SARIĆA,Mirijevo
160000,2807,57,2,DRAGICE KONČAR,Braće Jerković
72000,2057,35,3,DESPOTOVAČKA,Višnjička Banja
165000,2463,67,2,SVETOZARA PAPIĆA,Galenika
105000,1909,55,2,CVETANOVA ĆUPRIJA,Zvezdara opština
59500,1803,33,1,BRAĆE DEROKO,Petlovo Brdo
128250,2850,45,2,SIME ŠOLAJE,Karaburma II
82000,863,95,4,SAVE KOVAČEVIĆA,Krnjača
350000,4167,84,3,NUŠIĆEVA,Terazije
140000,3415,41,1,ULCINJSKA,Zvezdara
62000,4429,14,0,CVIJIĆEVA,Palilula opština
75000,2500,30,1,MIHAILA TODOROVIĆA,Konjarnik (Voždovački deo)
120000,2222,54,2,SUSEDGRADSKA,Vidikovac
333000,3297,101,3,GROČANSKA,Crveni Krst Vračar
160000,2286,70,3,SKENDERA KULENOVIĆA,Braće Jerković
344990,3485,99,3,BULEVAR MIHAJLA PUPINA,Blok 20 - Hajat
117000,1500,78,3,LEPE STAMENKOVIĆ,Višnjička Banja
205000,2662,77,3,LUJA ADAMIČA,Paviljoni
150000,2586,58,2,BULEVAR KRALJA ALEKSANDRA,Pravni fakultet - Vračar
107000,1814,59,2,PORUČNIKA SPASIĆA I MAŠARE,Žarkovo
315000,3119,101,3,BULEVAR CRVENE ARMIJE,Delta City
127000,1155,110,4,VOJVODE STEPE,Kumodraž 2
80600,2519,32,1,LJUBINKE LUKOVIĆ,Severni Bulevar
139000,2623,53,2,MILEVE MARIĆ AJNŠTAJN,Savski Blokovi
127500,2090,61,2,DIMITRIJA TUCOVIĆA,Vukov Spomenik
75000,1364,55,2,CRVENO BARJAČE 35A,Bele Vode
88000,1443,61,2,PALISADSKA,Bele Vode
275000,4825,57,2,GRAČANIČKA,Knez Mihailova
68900,1767,39,1,DR IVANA RIBARA,Blok 72
117000,1800,65,3,KATARINE BOGDANOVIĆ,Žarkovo
100000,2500,40,1,JURIJA GAGARINA,Blok 61
170000,2208,77,2,GANDIJEVA,Blok 62
88000,1796,49,2,ALTINA,Zemun
345000,2949,117,3,BULEVAR MIHAJLA PUPINA,Blok 21
420000,4468,94,3,ČUBRINA,Beograd centar
117000,2167,54,3,MATICE SRPSKE,Mirijevo
159500,2246,71,3,JURIJA GAGARINA,Blok 62
300000,3529,85,3,BEOGRAD CENTAR,Stari Grad opština
160000,2462,65,2,VLADIMIRA TOMANOVICA,Šumice
112000,2113,53,2,MILJANA MILJANICA,Veliki Mokri Lug
431888,6083,71,2,PERLA 1808,Beograd na vodi
239000,2543,94,3,BOZE JANKOVICA,Autokomanda
155000,3444,45,1,GANDIJEVA,Blok 44 TC Piramida
25000,1389,18,0,BRAĆE KRNJEŠEVAC,Zemun Polje
103000,1873,55,3,BOHUMILA HRABALA,Ledine
132500,1866,71,3,BOHUMILA HRABALA,Ledine
139500,1860,75,3,BOHUMILA HRABALA,Ledine
150000,1,150000,3,KRUŠEVAČKA,Dušanovac
68472,2739,25,0,GOSTIVARSKA,Autokomanda
101952,2755,37,1,GOSTIVARSKA,Autokomanda
138888,2723,51,1,GOSTIVARSKA,Autokomanda
137187,2744,50,1,GOSTIVARSKA,Autokomanda
45900,1913,24,0,DUŠANA PETROVIĆA ŠANETA,Kaluđerica
140000,1972,71,3,KRUŠEVAČKA,Dušanovac
68000,1838,37,1,PAVLA VUJEVIĆA,Labudovo Brdo
260000,3250,80,4,HRAM SVETOG SAVE,Neimar
180000,1875,96,3,VIDIKOVAČKI VENAC,Vidikovac
118000,1967,60,2,PREDRAGA VASIĆA,Mirijevo
130000,3023,43,2,JURIJA GAGARINA,Blok 70
725400,3900,186,4,HRAM SVETOG SAVE,Neimar
248145,3596,69,2,TOŠIN BUNAR,Blok 65 - WEST 65
324044,3561,91,3,TOŠIN BUNAR,Blok 65 - WEST 65
247935,3593,69,2,TOŠIN BUNAR,Blok 65 - WEST 65
252121,3362,75,2,TOŠIN BUNAR,Blok 65 - WEST 65
667152,3568,187,4,TOŠIN BUNAR,Blok 65 - WEST 65
154000,2139,72,3,NEMANJINA,Zemun - Centar
160000,2462,65,3,SKENDERA KULENOVIĆA,Braće Jerković
125000,2551,49,2,BRAĆE JERKOVIĆA,Braće Jerković
175000,2500,70,2,VOJVODE STEPE,Voždovac
524000,4000,131,4,HRAM SVETOG SAVE,Neimar
612000,4000,153,4,HRAM SVETOG SAVE,Neimar
128000,3657,35,1,LJERMONTOVLJEVA,Šumice
55000,1719,32,1,MOME STANOJLOVIĆA,Kneževac
76800,1324,58,2,VELJKA RAMADANOVIĆA,Vidikovac
300000,2778,108,3,SOKOLSKA,Vračar
265000,3681,72,3,ARČIBALDA RAJSA,Filmski Grad
300000,2778,108,3,SOKOLSKA,Hram Svetog Save
112500,2616,43,1,BRAĆE JERKOVIĆ,Voždovac opština
210800,1700,124,3,MIS IRBIJEVE,Učiteljsko Naselje
300000,2778,108,4,BULEVAR KNEZA ALEKSANDRA KARAĐORĐEVIĆA,Dedinje
150000,5769,26,1,KRALJA MILANA ČITAJ OPIS!,Pionirski Park
189750,2750,69,3,MEANDRI,Zemun
310000,3780,82,3,KNEGINJE ZORKE,Slavija
194000,2985,65,3,DRŽIĆEVA,Vukov Spomenik
385000,4010,96,3,MILEŠEVSKA,Kalenić
135000,2500,54,2,MIĆA RADAKOVIĆA,Novi Grad
96600,2300,42,2,HERCEGOVAČKA,Zemun - Centar
96600,2300,42,2,HERCEGOVAČKA,Zemun - Centar
45000,1607,28,1,MEDAKOVIĆEVA,Medaković
87000,1526,57,2,KNEŽEVAČKA,Kneževac
160000,2353,68,3,ISMETA MUJEZINOVIĆA,Bežanijska kosa 2
213498,1794,119,4,KAPETANA MILOŠA ŽUNJIĆA,Mirijevo
165000,3000,55,2,KLARE CETKIN,Zemunski Kej
78000,1529,51,1,FRANCA JANKEA,Mirijevo
114000,1839,62,3,PETRARKINA,Mirijevo
165000,3837,43,2,NJEGOŠEVA,Kalenić
94000,2541,37,1,OSTOJE ŽIVKOVIĆA,Donji Grad
120000,4000,30,1,DZORDZA VAŠINGTONA,Beograd centar
147000,2827,52,2,ČINGRIJINA,Gradska Bolnica
250000,2404,104,5,BEOGRADSKA,Slavija
315000,4500,70,3,ZICKA,Crveni Krst Vračar
238500,4500,53,2,ZICKA,Crveni Krst Vračar
395000,2821,140,4,SVETOZARA MILETIĆA,Zemunski Kej
437500,2500,175,5,ADMIRALA VUKOVIĆA,Autokomanda
430000,4778,90,3,STRAHINJIĆA BANA,Dorćol
102000,2000,51,2,MILICE ŠUVAKOVIĆ,Nova Galenika
320000,2832,113,4,CARA UROSA,Dorćol
78000,1902,41,2,KAPETANA MILOŠA ZUNJICA,Mirijevo III
250000,2000,125,4,UGRINOVAČKA (POČETAK),Ćukovac
120000,6000,20,1,DŽORDŽA VAŠINGTONA,Botanička Bašta
165000,3300,50,2,NJEGOŠEVA,Kalenić
107000,2184,49,2,BRAĆE JERKOVIĆ,Voždovac opština
86000,2048,42,2,ČINGRIJINA,Gradska Bolnica
99000,2357,42,1,MATICE SRPSKE,Mirijevo
95000,1557,61,3,VISNJICKA BANJA,Višnjička Banja
167775,2996,56,1,ŽIVKA DAVIDOVIĆA,Kluz
204128,2958,69,2,ŽIVKA DAVIDOVIĆA,Kluz
159518,2954,54,2,ŽIVKA DAVIDOVIĆA,Kluz
204276,2961,69,2,ŽIVKA DAVIDOVIĆA,Kluz
162666,2958,55,2,ŽIVKA DAVIDOVIĆA,Kluz
143926,2998,48,2,ŽIVKA DAVIDOVIĆA,Kluz
152030,2981,51,1,ŽIVKA DAVIDOVIĆA,Kluz
146124,2982,49,1,ŽIVKA DAVIDOVIĆA,Kluz
230000,3286,70,2,DUNAVSKI KEJ,Donji Dorćol
177000,3000,59,1,JURIJA GAGARINA,Blok 45
230000,1769,130,5,PATRIJARHA JOANIKIJA,Vidikovac
95000,1827,52,2,BOŠKA BUHE,Kotež
385000,4753,81,3,KOSOVSKA,Beograd centar
129000,2481,52,2,POŽEŠKA,Banovo Brdo
125000,2841,44,1,NIKOLAJA GOGOLJA,Banovo Brdo
140000,2000,70,3,STEVANA OPAČIĆA,Miljakovac
125000,2551,49,2,BRAĆE JERKOVIĆ,Voždovac opština
125000,2841,44,1,JURIJA GAGARINA,Blok 70
71000,2290,31,1,PETEFIJEVA,Cerak
150000,2542,59,1,DR IVANA RIBARA,Blok 72
142000,2367,60,2,DUŠANA VUKASOVIĆA,Blok 62
85000,1932,44,2,VOJVODE VLAHOVIĆA,Braće Jerković
127000,2886,44,1,ANTIFASISTICKE BORBE,Blok 23
65000,2031,32,1,POŽEŠKA,Banovo Brdo
350000,3804,92,3,GAJEVA,Crveni Krst
220400,2900,76,2,GROČANSKA,Crveni Krst Vračar
205900,2900,71,2,GROČANSKA,Crveni Krst Vračar
246690,2972,83,3,MILISAVA DJUROVICA,Voždovac
238710,2984,80,3,MILISAVA DJUROVICA,Voždovac
336888,4264,79,3,BELGRADE WATERFRONT - BW KINGS PARK RESIDENCES,Beograd na vodi
208410,2977,70,4,MILISAVA DJUROVICA,Voždovac
171390,3007,57,2,MILISAVA DJUROVICA,Voždovac
140550,2990,47,1,MILISAVA DJUROVICA,Voždovac
137190,2982,46,2,MILISAVA DJUROVICA,Voždovac
135960,3021,45,1,MILISAVA DJUROVICA,Voždovac
131640,2992,44,2,MILISAVA DJUROVICA,Voždovac
131970,2999,44,2,MILISAVA DJUROVICA,Voždovac
113820,2995,38,2,MILISAVA DJUROVICA,Voždovac
107820,2995,36,2,MILISAVA DJUROVICA,Voždovac
109230,3034,36,1,MILISAVA DJUROVICA,Voždovac
139000,1931,72,2,VIDIKOVAČKI VENAC,Vidikovac
79000,2257,35,2,DESPOTOVAČKA,Višnjička Banja
75000,2143,35,2,DESPOTOVAČKA,Višnjička Banja
107000,2277,47,2,BRAĆE JERKOVIĆ,Voždovac opština
169900,2265,75,3,JOVE ILIĆA,Voždovačka crkva
109000,1627,67,2,PABLA NERUDE,Karaburma
650000,2766,235,5,PREGREVICA,Zemun
80000,1290,62,2,SOPOT,Sopot opština
120000,2400,50,2,GANDIJEVA,Blok 44 TC Piramida
67000,2233,30,1,DR VELIZARA KOSANOVIĆA,Cvetkova Pijaca
250000,2551,98,5,BALKANSKA,Terazije
67000,2233,30,2,DR VELIZARA KOSANOVIĆA,Cvetkova Pijaca
150000,2500,60,2,BRAĆE JERKOVIĆ,Voždovac opština
55000,1170,47,2,DALMATINSKE ZAGORE,Batajnica
149000,1637,91,4,BUL. OSLOBODJENJA,Banjica
99900,2629,38,1,JOVANA BIJELIĆA,Braće Jerković
225000,3409,66,2,BLOK 70,Novi Beograd
290000,4028,72,3,BIRČANINOVA,Centar
90000,1800,50,2,LISTOPADNA,Kumodraž
230000,2190,105,4,BAŠTOVANSKA,Banjica
184500,2027,91,3,GORNJOGRADSKA,Gornji Grad
255000,2525,101,3,HOTEL YU,Novi Beograd
150000,2727,55,2,CVETKOVA PIJACA,Cvetkova Pijaca
242000,3841,63,2,CARA UROŠA,Gornji Dorćol
340000,3579,95,3,PALILULA,Palilula opština
92000,2629,35,1,PARISKE KOMUNE,Blok 1 - Fontana
1000090,4546,220,4,PATRIJARHA VARNAVE,Hram Svetog Save
212000,3029,70,3,IBARSKA,Lekino Brdo
117000,2167,54,2,MATICE SRPSKE,Mirijevo
75000,1154,65,2,SAVE KOVAČEVIĆA,Mirijevo
100000,2326,43,1,UGRINOVAČKA,Zemun
65000,1512,43,2,SAVSKA,Palata Pravde
118000,967,122,4,BRAĆE PANIĆ,Jakovo
155000,2500,62,3,VOJVODE STEPE,Banjica
165000,1964,84,3,VIDIKOVAČKI VENAC,Vidikovac
294500,4462,66,3,CARIGRADSKA,Donji Dorćol
410000,4362,94,3,27.MARTA,Poštanska Štedionica
264027,3106,85,3,BULEVAR HEROJA SA KOŠARA,Blok 65 - WEST 65
144900,2415,60,2,BULEVAR KRALJA ALEKSANDRA,Lion
222000,3000,74,3,NARODNIH HEROJA,Blok 1 - Fontana
265000,3354,79,2,BILEĆKA,FON - Voždovac
254100,3850,66,3,ZAHUMSKA,Vukov Spomenik
233888,4177,56,2,NIKOLAJA KRAVCOVA,Beograd na vodi
79000,2394,33,1,KAMENOGORSKA,Olimp
54000,2455,22,0,RASTKA PETROVIĆA,Medaković 2
185000,1762,105,4,LUKE VOJVODIĆA,Skojevsko Naselje
210000,3000,70,2,SIMINA,Studentski Trg
107000,1698,63,2,PILOTA RATKA JOVANOVIĆA,Rakovica - Centar
158000,2000,79,3,BORSKA,Miljakovac
340000,2720,125,5,BULEVAR MARŠALA TOLBUHINA,Blok 11c - Stari Merkator
165000,3300,50,2,NJEGOŠEVA,Kalenić
140000,1373,102,4,KOPAONIČKA,Cerak
210600,3900,54,2,TADIJE SONDERMAJERA,Blok 65 - WEST 65
288000,4000,72,3,BEOGRAD NA VODI,Savski Venac
220000,2750,80,3,MARKA ČELEBONOVIĆA,Bežanijska kosa 2
128000,1855,69,2,11.KRAJIŠKE DIVIZIJE,Labudovo Brdo
140000,2692,52,2,VARVARINSKA,Lekino Brdo
120000,1558,77,2,VLADIMIRA ROLOVIĆA,Žarkovo
345000,2949,117,4,NOVOGRADSKA,Ćukovac
145000,2042,71,3,SVETOZARA PAPIĆA,Galenika
150000,1765,85,4,DOBANOVAČKA,Muhar
280000,4000,70,2,KRALJA PETRA,Studentski Trg
127900,1938,66,2,NOVOGRADSKA,Ćukovac
97000,1980,49,1,RADOVANA SIMIĆA CIGE,Medaković 2
320000,5333,60,2,TADIJE SONDERMAJERA,Blok 65 - WEST 65
350000,2431,144,6,KAPETANA ZAVIŠIĆA,FON - Voždovac
164300,2162,76,3,JURIJA GAGARINA,Blok 61
99000,3000,33,2,ZARIJA VUJOŠEVIĆA,Staro Sajmište
235000,2765,85,2,GANDIJEVA,Blok 63
95000,2436,39,1,DIMITRIJA AVRAMOVIĆA,Filmski Grad
126000,2250,56,2,GETEOVA,Gornji Grad
175000,3571,49,2,PAJSIJEVA,Bolnica Narodni Front
153000,2125,72,2,PRVE PRUGE,Retenzija
169000,3073,55,2,KLARE CETKIN,Hotel YU
65000,1667,39,2,MIHAILA BULGAKOVA,Mirijevo
87710,1790,49,1,UMETNICKA,Jajinci
125000,1786,70,3,BULEVAR PEKA DAPČEVIĆA,Kumodraž 2
189000,2423,78,3,ČARDAKLIJINA,Cvetkova Pijaca
168000,2100,80,2,GOSPODARA VUČIĆA,Lekino Brdo
158000,3292,48,2,BLAGOJA PAROVIĆA,Banovo Brdo
248000,8267,30,1,BULEVAR VUDROA VILSONA,Beograd na vodi
185000,2284,81,4,VOJVODE VLAHOVIĆA,Autokomanda
210000,2000,105,3,MIRKA MILOJKOVIĆA,Višnjička Banja
158000,4051,39,1,BORIVOJA DROBNJAKOVIĆA,Dedinje
220000,2245,98,3,VOJVODE STEPE,Voždovac
150000,3261,46,2,KONSTANTINA FILOZOFA,Banjica
123999,2000,62,2,JOVANKE RADAKOVIĆ,Mirijevo
91000,2600,35,1,LJUBA VUČKOVIĆA,Voždovac
500000,3401,147,4,TUNISKA,Banovo Brdo
120000,2000,60,2,IVANA SARIĆA,Mirijevo
95000,1727,55,2,LJUBE DANILOVIĆA,Mirijevo
93000,1632,57,2,HUSINSKIH RUDARA,Karaburma
158000,2469,64,2,DRAGICE KONČAR,Braće Jerković
185600,2900,64,3,PETROVARADINSKA,Lekino Brdo
179800,2900,62,3,PETROVARADINSKA,Lekino Brdo
95500,1736,55,1,PEŠTERSKA,Konjarnik
117000,1721,68,3,BRAĆE JERKOVIĆ,Voždovac opština
140000,2692,52,2,VARVARINSKA,Lekino Brdo
102000,2000,51,2,VLAŠIĆKA,Karaburma
85000,1667,51,1,KOLONIJA,Banjica
114000,2192,52,2,ŠEJKINA,Mirijevo
93500,1612,58,3,FRANCA JANKEA,Mirijevo
320000,2735,117,4,MAKSIMA GORKOG,Lekino Brdo
112000,1898,59,2,KAPETANA MILOŠA ŽUNJIĆA,Mirijevo
220000,1287,171,3,MARŠALA TITA,Višnjička Banja
240000,3158,76,3,ZRMANJSKA,Banovo Brdo
306000,3000,102,3,GROČANSKA,Crveni Krst Vračar
168000,2100,80,3,NIKOLE DOKSATA,Mirijevo
159500,1899,84,3,MEŠE SELIMOVIĆA,Mirijevo
159000,2208,72,2,MAKSIMA GORKOG,Južni Bulevar
255000,2742,93,3,STOJANA PROTIĆA,Hram Svetog Save
79500,1347,59,2,DUŠANA RADOVIĆA,Mirijevo
102330,3010,34,1,MILISAVA ĐUROVIĆA,Voždovac
179000,3196,56,3,RUZVELTOVA,Vukov Spomenik
299340,2824,106,4,GROČANSKA,Crveni Krst Vračar
211120,2815,75,2,GROČANSKA,Crveni Krst Vračar
167000,2386,70,3,GOSPODARA VUČIĆA,Lekino Brdo
115000,1769,65,3,DILJSKA,Karaburma
120000,1333,90,4,BRAĆE JERKOVIĆ,Voždovac opština
185000,2643,70,3,TOŠE JOVANOVIĆA,Banovo Brdo
99900,1162,86,2,DRAGOSLAVA SREJOVIĆA,Karaburma
210888,7030,30,1,BULEVAR VUDROA VILSONA,Beograd na vodi
1500000,2308,650,5,VOJVODE STEPE,Voždovac
345000,2300,150,3,VOJVODE STEPE,Voždovac
275000,2331,118,4,VOJVODE STEPE,Voždovac
115000,2130,54,2,VLADISLAVA BAJČEVIĆA,Mirijevo
225000,1500,150,5,MEŠE SELIMOVIĆA,Mirijevo
124000,2067,60,2,BRAĆE JERKOVIĆ,Voždovac opština
219690,3009,73,3,JUŽNI BULEVAR,Vračar
105000,2100,50,2,MIODRAGA MIJOVIĆA KANTA,Mirijevo
170000,1441,118,5,PERE ĆETKOVIĆA,Karaburma
189000,1948,97,4,DANILA BOJOVIĆA,Voždovac
85000,2179,39,1,RADMILE SAVIĆEVIĆ,Mirijevo
112500,2557,44,1,CRVENO BARJAČE,Žarkovo
97000,1492,65,3,BORE MARKOVIĆA,Banovo Brdo
336000,2922,115,3,JOVE ILIĆA,Autokomanda
239000,2626,91,4,BOŽE JANKOVIĆA,Autokomanda
230000,3538,65,3,GOSPODARA VUČIĆA,Južni Bulevar
100700,1900,53,1,KAPETANA MILOŠA ŽUNJIĆA,Mirijevo
98800,1900,52,1,KAPETANA MILOŠA ŽUNJIĆA,Mirijevo
400000,2454,163,5,TODORA DUKINA,Lekino Brdo
86000,2098,41,1,MIRIJEVSKI VENAC,Mirijevo
392000,2800,140,4,KUMODRAŠKA,Autokomanda
110000,2245,49,2,ARČIBALDA RAJSA,Filmski Grad
98000,1922,51,1,VIDIKOVAČKI VENAC,Vidikovac
104000,2039,51,1,MILICE ŠUVAKOVIĆ,Galenika
144000,1920,75,3,VIŠNJIČKI VENAC,Višnjička Banja
375000,5000,75,3,VOJISLAVA NANOVIĆA,Dušanovac
90000,1525,59,2,KOSTE JOSIPOVIĆA,Krnjača
185000,2643,70,2,KOSTE ABRAŠEVIĆA,Lion
245000,2882,85,3,BGD,Voždovačka crkva
139000,2482,56,3,LJERMONTOVA,Šumice
93000,1898,49,1,RADOVANA SIMIĆA-CIGE,Medaković 2
49000,2579,19,1,VERE DIMITRIJEVIĆ,Galenika
245000,2849,86,3,LUJA ADAMIČA,Blok 11c - Stari Merkator
185000,2643,70,2,VOJVODE STEPE,Voždovačka crkva
130000,3171,41,3,SVETOG NIKOLE,Slavujev Venac
129900,2202,59,2,MARIJE BURSAĆ,Marija Bursać
170000,1560,109,2,SAŠE SIMEUNOVIĆA,Banjica
170000,2297,74,4,BGD,Braće Jerković
109000,2096,52,2,DILJSKA,Karaburma
165000,2705,61,2,SAVAMALA,Savski Venac
168000,2100,80,3,NIKOLE DOKSATA,Zvezdarska Šuma
75000,2083,36,1,VITANOVACKA,Braće Jerković 2
119000,1750,68,2,VOJVODE STEPE,Voždovac
170000,2208,77,2,GANDIJEVA,Blok 64
128500,2622,49,2,VLADIMIRA RADOVANOVIĆA,Banovo Brdo
239000,2747,87,3,BOŽE JANKOVIĆA,Autokomanda
289999,3412,85,3,BALKANSKA,Centar
120000,1500,80,3,DOSTOJEVSKOG,Banovo Brdo
250000,1984,126,6,NEDELJKA ČABRINOVIĆA,Banovo Brdo
450000,2332,193,4,VOJVODE MICKA KRSTIĆA,Karaburma
136000,2000,68,3,DOSTOJEVSKOG,Banovo Brdo
232512,2801,83,4,LAZARA KUJUNDŽIĆA,Banovo Brdo
232512,2801,83,4,LAZARA KUJUNDŽIĆA,Banovo Brdo
184520,2839,65,3,LAZARA KUJUNDŽIĆA,Banovo Brdo
184520,2839,65,3,LAZARA KUJUNDŽIĆA,Banovo Brdo
277200,2800,99,3,LAZARA KUJUNDŽIĆA,Banovo Brdo
160000,2133,75,3,VJEKOSLAVA AFRIĆA,Mirijevo
235000,2554,92,2,NEDELJKA ČABRINOVIĆA,Banovo Brdo
173500,2224,78,3,POŽEŠKA,Banovo Brdo
117456,1864,63,3,MIRIJEVO,Zvezdara opština
110741,1877,59,3,MIRIJEVO,Zvezdara opština
110019,1865,59,3,MIRIJEVO,Zvezdara opština
105000,2100,50,2,NIKOLAJA BERĐAJEVA,Ledine
115312,2453,47,1,BANOVO BRDO,Čukarica
150800,2513,60,3,BANOVO BRDO,Čukarica
85000,2297,37,1,NIKOLE DOKSATA,Mirijevo
171150,2517,68,3,BANOVO BRDO,Čukarica
349375,2550,137,4,BANOVO BRDO,Čukarica
507192,4227,120,4,LOZNIČKA,Kalenić
551418,4209,131,4,LOZNIČKA,Kalenić
551418,4209,131,4,LOZNIČKA,Kalenić
119000,1951,61,2,VOJVODE STEPE,Voždovac
168000,2710,62,2,GOSPODARA VUČIĆA,Lekino Brdo
360000,2338,154,3,TOŠE JOVANOVIĆA,Banovo Brdo
299000,1881,159,6,KRALJICE KATARINE,Banovo Brdo
460000,2447,188,6,STRUMIČKA,Lekino Brdo
350000,2201,159,4,RAJKA OD RASINE,Banovo Brdo
199000,2427,82,2,VOJVODE STEPE,Voždovac
135000,1517,89,4,VJEKOSLAVA AFRIĆA,Mirijevo
125000,1894,66,2,VITEZOVA KARAĐORĐEVE ZVEZDE,Mirijevo
100000,2000,50,2,VITEZOVA KARAĐORĐEVE ZVEZDE,Mirijevo
610000,4296,142,4,TUNISKA,Banovo Brdo
500000,3846,130,4,TUNISKA,Banovo Brdo
108900,2055,53,2,POŽEŠKA,Banovo Brdo
117000,2127,55,2,UDBINSKA,Banovo Brdo
250000,3571,70,3,BORE MARKOVIĆA,Banovo Brdo
120000,1905,63,2,MILICE JANKOVIĆ,Karaburma
215000,2529,85,3,PRAŠKA,Banovo Brdo
93500,1585,59,2,FRANCA JANKEA,Mirijevo
75000,1705,44,2,MARKA TODOROVIĆA,Mirijevo
140000,2692,52,2,VARVARINSKA,Lekino Brdo
125000,2315,54,3,KOZAČINSKOG,Banovo Brdo
189000,2554,74,3,VUKICE MITROVIĆ,Kalenić
86700,2168,40,1,MIRIJEVSKI VENAC,Mirijevo
130000,2453,53,3,GOLSVORDIJEVA,Kalenić
100900,1904,53,2,KAPETANA MILOŠA ŽUNJIĆA,Mirijevo
99400,1912,52,2,KAPETANA MILOŠA ŽUNJIĆA,Mirijevo
112000,1898,59,2,KAPETANA MILOŠA ŽUNJIĆA,Mirijevo
275000,2331,118,4,VOJVODE STEPE,Voždovac
260000,2097,124,4,VOJVODE STEPE,Voždovac
320000,2133,150,3,VOJVODE STEPE,Voždovac
185000,2534,73,2,TOŠE JOVANOVIĆA,Banovo Brdo
110000,2037,54,2,JELISAVETE ANDREJEVIĆ,Mirijevo
159500,1899,84,3,MEŠE SELIMOVIĆA,Mirijevo
151000,1888,80,3,SIME ŠOLAJE,Karaburma
112500,2206,51,2,SIME ŠOLAJE,Karaburma
119500,2213,54,2,MATICE SRPSKE,Mirijevo
75000,1364,55,2,BOGDANA BOGDANOVIĆA,Mirijevo
125000,2404,52,2,KRALJICE KATARINE,Banovo Brdo
400000,2286,175,4,PATRISA LUMUMBE,Karaburma
139000,2206,63,2,CERAK VINOGRADI,Čukarica
209000,2322,90,2,JURIJA GAGARINA,Blok 45
300000,5882,51,2,BULEVAR VUDROA VILSONA,Beograd na vodi
163500,3028,54,2,VAJARA ŽIVOJINA LUKIĆA,Bežanijska kosa 1
108000,2512,43,2,ŽIVKA DAVIDOVIĆA,Cvetkova Pijaca
199000,4061,49,2,BULEVAR HEROJA SA KOŠARA,Blok 65 - WEST 65
145000,2500,58,2,JURIJA GAGARINA,Blok 45
500000,3846,130,4,TUNISKA,Golf Naselje
174500,1517,115,4,VIDIKOVAČKI VENAC,Vidikovac
156500,1909,82,3,VITEZOVA KARAĐORĐEVE ZVEZDE,Mirijevo
85000,2179,39,1,RADMILE SAVIĆEVIĆ,Mirijevo
109000,2659,41,2,NEDELJKA ČABRINOVIĆA,Banovo Brdo
91000,1300,70,2,SALVADORA ALJENDEA,Karaburma
125000,2083,60,2,KAPETANA MILOŠA ŽUNJIĆA,Mirijevo
107873,1860,58,3,MIRIJEVO,Zvezdara opština
109779,1861,59,3,MIRIJEVO,Zvezdara opština
76000,1617,47,2,NIKOLAJA GOGOLJA,Banovo Brdo
114034,1869,61,3,MIRIJEVO,Zvezdara opština
109020,1880,58,3,MIRIJEVO,Zvezdara opština
45000,1731,26,1,TOŠE JOVANOVIĆA,Banovo Brdo
125000,2841,44,2,BRAĆE JERKOVIĆ,Dušanovac
184900,2680,69,2,VOJVODE STEPE,Voždovac
145000,2458,59,2,USTANIČKA,Dušanovac
417000,3897,107,5,SINĐELIĆEVA,Kalenić
170000,2429,70,2,VOJVODE STEPE,Voždovačka crkva
470000,4273,110,2,OBILIĆEV VENAC,Obilićev Venac
132000,3300,40,1,VUKOV SPOMENIK,Zvezdara opština
139990,3256,43,1,KRALJA BODINA,Lekino Brdo
130000,1548,84,3,ZRENJANINSKI PUT,Borča
120000,2222,54,2,BULEVAR PEKA DAPČEVIĆA,Kumodraž
795600,3600,221,6,FRANCUSKA 37,Dorćol
424000,4000,106,4,DOSITEJEVA 11,Dorćol
277000,863,321,4,GOSTIVARSKA 70,Voždovačka crkva
210000,3000,70,3,PETRA MARTINOVIĆA,Golf Naselje
230000,2500,92,2,DRINČIĆEVA,Bajlonijeva Pijaca
220000,3284,67,3,SOLUNSKA,Gornji Dorćol
80379,1318,61,3,KOSMAJ,Sopot opština
129500,2158,60,3,VOJINA ĐURAŠINOVIĆA KOSTJE,Mirijevo II
165000,1988,83,4,VINOGRADSKI VENAC,Cerak Vinogradi
58000,3412,17,0,CARICE MILICE,Beograd centar
440000,2785,158,4,ŽARKA VUKOVIĆA PUCARA,Banovo Brdo
149000,2069,72,2,PETRA KONJOVIĆA,Kanarevo Brdo
136400,3100,44,1,BLOK 30,Novi Beograd
185000,1968,94,3,BANJALUČKA,Lekino Brdo
180000,2000,90,5,MARIČKA,Rakovica - Centar
90000,1525,59,1,KOSTE JOSIPOVIĆA,Krnjača
300000,5000,60,2,RESAVSKA,Cvetni Trg
255000,3000,85,3,STOJANA PROTIĆA,Hram Svetog Save
265200,3400,78,3,BOŽE JANKOVIĆA,Autokomanda
168000,2100,80,3,NIKOLE DOKSATA,Zvezdarska Šuma
102000,2082,49,2,KNEZA VISESLAVA,Vidikovac
129000,2150,60,2,GRGE JANKESA,Mirijevo II
85000,2237,38,1,BRAĆE JERKOVIĆ,Voždovac opština
185000,2079,89,4,LUKE VOJVODIĆA,Skojevsko Naselje
400000,3252,123,3,DELIGRADSKA,Klinički Centar
265000,3313,80,3,BALKANSKA,Beograđanka
195000,1667,117,4,MIHAILA BULGAKOVA,Mirijevo
135000,2213,61,2,BRACE JERKOVICA,Braće Jerković
110000,2037,54,2,JELISAVETE ANDREJEVIC,Mirijevo
120000,1319,91,3,JEVREMA GRUJIĆA,Dedinje
250000,3205,78,3,BULEVAR DESPOTA STEFANA,Beograd centar
230000,1769,130,5,PATRIJARHA JOANIKIJA,Vidikovac
320000,3765,85,4,KURSULINA,Kalenić
172830,2980,58,3,MILISAVA DJUROVICA,Voždovac
233888,4177,56,2,BELGRADE WATERFRONT - BW ECHO,Beograd na vodi
266888,4853,55,2,BELGRADE WATERFRONT - BW KINGS PARK RESIDENCES,Beograd na vodi
142860,2976,48,2,MILISAVA DJUROVICA,Voždovac
137280,2984,46,1,MILISAVA DJUROVICA,Voždovac
136320,3029,45,1,MILISAVA DJUROVICA,Voždovac
133680,2971,45,1,MILISAVA DJUROVICA,Voždovac
102630,3019,34,1,MILISAVA DJUROVICA,Voždovac
102330,3010,34,2,MILISAVA DJUROVICA,Voždovac
110000,2292,48,1,ARČIBALDA RAJSA,Filmski Grad
120000,1364,88,2,UGRINOVAČKA VIII DEO,Altina
398000,1694,235,6,KRONŠTATSKA,Dedinje
155000,1742,89,2,VELJKA PETROVIĆA,Cerak
156000,2026,77,2,MILOVANA JANKOVIĆA,Braće Jerković
197000,2189,90,3,ILIJE STOJADINOVIĆA,Filmski Grad
349900,3976,88,3,ŠPANSKIH BORACA,Blok 25 - Arena
299000,2492,120,4,BLAGOJA PAROVIĆA,Banovo Brdo
76000,2171,35,1,STANKA PAUNOVICA VELJKA,Miljakovac
69000,1533,45,2,MUŠICKOG,Zemun
125000,2155,58,2,PAUNOVA,Banjica
495000,3322,149,4,UROŠA MARTINOVIĆA,A Blok - Blok 67a
577500,3500,165,4,VLADIMIRA POPOVIĆA,Blok 19a
185000,3854,48,2,VELBUŠKA,Botanička Bašta
203000,2137,95,3,BULEVAR DESPOTA STEFANA,Cvijićeva
179000,2557,70,3,BULEVAR OSLOBOĐENJA,Voždovac
114900,1824,63,2,BRAĆE JERKOVIĆ,Voždovac opština
67650,1650,41,1,KOTEŽ,Palilula opština
114000,2923,39,1,BANOVO BRDO,Čukarica
61000,1649,37,1,SLAVKA RODIĆA,Vidikovačka Padina
340000,3579,95,3,TAŠMAJDAN,Palilula
250000,2941,85,3,HRAM SVETOG SAVE,Hram Svetog Save
167500,2500,67,2,TROSARINA,Voždovac
402800,3800,106,4,JUZNI BULEVAR,Južni Bulevar
136525,2528,54,1,UČITELJSKO NASELJE,Učiteljsko Naselje
231000,2750,84,2,BULEVA OSLOBOĐENJA,Voždovac
106000,1247,85,2,SAVA NASELJE,Obrenovac
50000,847,59,1,CENTAR,Mladenovac centar
60000,1429,42,1,TEODORA JANKOVIĆA MIRJEVSKOG,Zvezdara
300000,3529,85,3,MIKE ALASA,Gornji Dorćol
94000,2541,37,1,NOVOGRADSKA,Zemun
189000,2148,88,3,DIMITRIJA TUCOVIĆA,Gradska Bolnica
139000,3757,37,1,JURIJA GAGARINA,Blok 63
47500,1638,29,0,VOJVODE MIŠIĆA,Obrenovac
185000,1850,100,4,CRVENI KRST VRAČAR,Vračar
100000,1961,51,1,VIDIKOVACKI VENAC,Vidikovac
59500,1700,35,1,NIKOLE DOKSATA,Mirijevo
120000,2264,53,2,DRAGOSLAVA SREJOVIĆA,Mirijevo
142000,2582,55,2,LJEŠKA,Banovo Brdo
101000,2149,47,2,LEDINE,Novi Beograd
120000,4138,29,0,TOŠIN BUNAR,Tošin Bunar
95000,2111,45,3,16.OKTOBRA,Mirijevo
148000,2426,61,2,DUŠANA VUKASOVIĆA,Blok 61
130000,3095,42,1,DOBANOVAČKA,Muhar
58000,1813,32,1,BELE VODE,Bele Vode
135000,1484,91,3,PETRA LEKOVIĆA,Banovo Brdo
646380,4091,158,4,STOJANA PROTIĆA,Hram Svetog Save
388850,3850,101,3,BULEVAR DESPOTA STEFANA,Beograd centar
130000,3095,42,1,DOBANOVAČKA,Donji Grad
95300,1702,56,2,MIRIJEVO,Zvezdara opština
170000,2179,78,2,GANDIJEVA,Blok 64
215000,2048,105,3,DR IVANA RIBARA,Blok 61
110000,2973,37,1,BOSANSKA,Zemun
490000,2450,200,3,VELEMAJSTORA BORE KOSTIĆA,Bežanijska kosa 1
117600,2063,57,2,VALTROVIĆEVA,Ledine
117600,2063,57,2,VALTROVIĆEVA,Ledine
97300,2070,47,2,VALTROVIĆEVA,Ledine
97300,2070,47,2,VALTROVIĆEVA,Ledine
72300,2066,35,1,VALTROVIĆEVA,Ledine
87400,2081,42,1,VALTROVIĆEVA,Ledine
94200,2048,46,2,VALTROVIĆEVA,Ledine
94200,2048,46,2,VALTROVIĆEVA,Ledine
115300,2059,56,2,VALTROVIĆEVA,Ledine
115300,2059,56,2,VALTROVIĆEVA,Ledine
73800,1995,37,1,MUMINOVAČKA,Rakovica - Centar
82200,2005,41,2,MUMINOVAČKA,Kneževac
73800,1995,37,1,MUMINOVAČKA,Kneževac
73800,1995,37,1,MUMINOVAČKA,Kneževac
82200,2005,41,2,MUMINOVAČKA,Kneževac
73800,1995,37,1,MUMINOVAČKA,Kneževac
209900,2999,70,2,NARODNIH HEROJA,Blok 1 - Fontana
225000,1500,150,5,HABLOVA,Petlovo Brdo
99000,2357,42,2,MATICE SRPSKE,Mirijevo
125000,1894,66,2,MILIĆA OD MAČVE,Mirijevo
169000,2817,60,2,GANDIJEVA,Blok 63
240000,3158,76,4,BULEVAR UMETNOSTI,Blok 29
98000,2513,39,2,BULEVAR KRALJA ALEKSANDRA,Kluz
99000,2357,42,2,MATICE SRPSKE,Mirijevo
170000,2787,61,3,ZRMANJSKA,Banovo Brdo
35000,1400,25,0,HADŽI RUVIMOVA,Kalenić
89000,2070,43,2,ŽARKA VASILJEVIĆA,Železnik
494000,3250,152,3,ĐUŠINA,Tašmajdan
139000,1958,71,4,MILANA RAKIĆA,Lion
269000,3736,72,3,BEOGRADSKA,Slavija
580000,2397,242,6,BRANKOVA,Terazije
95000,1557,61,2,KRALJA RADOSLAVA,Batajnica
149000,3465,43,1,CARA DUSANA,Dorćol
110000,2000,55,2,MIRKA MILOJKOVIĆA,Višnjička Banja
109000,2659,41,2,NEDELJKA ČABRINOVIĆA,Banovo Brdo
112000,2800,40,1,BLOK 63,Bežanijski Blokovi
118000,2070,57,2,VINOGRADSKI VENAC,Cerak Vinogradi
250000,4098,61,2,TADIJE SONDERMAJER,Blok 65 - WEST 65
135000,2368,57,2,MILENKA VERKIĆA,Galenika
215000,2688,80,3,MARKA ČELEBONOVIĆA,Bežanijska kosa
199000,3554,56,2,PARTIZANSKE AVIJACIJE,Bežanijska kosa
360500,6438,56,5,JANKA VESELINOVIĆA,Čubura
203000,2333,87,3,BULEVAR DESPOTA STEFANA,Palilula
240000,2500,96,3,NIKOLE DOBROVIĆA,Bežanijska kosa
373000,3134,119,4,CRNOGORSKA,Centar
105000,2763,38,1,BULEVAR ZORANA ĐINĐIĆA,Blok 1 - Fontana
115000,2018,57,2,MILIĆA RAKIĆA,Konjarnik
139000,2279,61,2,TOŠIN BUNAR,Paviljoni
140700,2100,67,2,LJUBINKE BOBIĆ,Bežanijska kosa 2
129000,2529,51,1,OTONA ŽUPANČIČA,Blok 1 - Fontana
385000,4936,78,3,SVETOG SAVE,Hram Svetog Save
104900,2098,50,2,PERE SEGEDINCA,Bežanijska kosa
83000,1976,42,1,LUKE VOJVODIĆA,Skojevsko Naselje
250000,2747,91,3,DUŠANA JOVANOVIĆA,Voždovac
